BoreID,HydroCode,FromDepth,ToDepth,TopElev,BottomElev,HGUID,HGUNumber,NafHGUNumber,NafHGUName,Description,Author,Source,Comment,GA_UNIT,GA_STRATNO,geometry
10002559.0,GW034971.1.1,0.0,0.6,87.0,86.4,11000014.0,104011.0,104010.0,Shepparton Formation,Loam,UNK,UNK,,Shepparton Formation,25474,
10002559.0,GW034971.1.1,0.6,5.18,86.4,81.82,11000014.0,104011.0,104010.0,Shepparton Formation,Limestone,UNK,UNK,,Shepparton Formation,25474,
10002559.0,GW034971.1.1,5.18,11.27,81.82,75.73,11000014.0,104011.0,104010.0,Shepparton Formation,Clay,UNK,UNK,,Shepparton Formation,25474,
10002559.0,GW034971.1.1,11.27,18.28,75.73,68.72,11000023.0,110007.0,110008.0,"Loxton Parilla Sand
",Clay,UNK,UNK,,Loxton Sand,10825,
10002559.0,GW034971.1.1,11.27,18.28,75.73,68.72,11000023.0,110007.0,110008.0,Renmark Group,Clay,UNK,UNK,,Renmark Group,16036,
10002559.0,GW034971.1.1,18.28,21.64,68.72,65.36,11000023.0,110007.0,110008.0,"Loxton Parilla Sand
",Clay,UNK,UNK,,Loxton Sand,10825,
10002559.0,GW034971.1.1,18.28,21.64,68.72,65.36,11000023.0,110007.0,110008.0,Renmark Group,Clay,UNK,UNK,,Renmark Group,16036,
10002559.0,GW034971.1.1,21.64,22.55,65.36,64.45,11000023.0,110007.0,110008.0,"Loxton Parilla Sand
",Rock,UNK,UNK,,Loxton Sand,10825,
10002559.0,GW034971.1.1,21.64,22.55,65.36,64.45,11000023.0,110007.0,110008.0,Renmark Group,Rock,UNK,UNK,,Renmark Group,16036,
10002559.0,GW034971.1.1,22.55,25.9,64.45,61.1,11000023.0,110007.0,110008.0,"Loxton Parilla Sand
",Loam,UNK,UNK,,Loxton Sand,10825,
10002559.0,GW034971.1.1,22.55,25.9,64.45,61.1,11000023.0,110007.0,110008.0,Renmark Group,Loam,UNK,UNK,,Renmark Group,16036,
10002559.0,GW034971.1.1,25.9,26.67,61.1,60.33,11000023.0,110007.0,110008.0,"Loxton Parilla Sand
",Rock,UNK,UNK,,Loxton Sand,10825,
10002559.0,GW034971.1.1,25.9,26.67,61.1,60.33,11000023.0,110007.0,110008.0,Renmark Group,Rock,UNK,UNK,,Renmark Group,16036,
10002559.0,GW034971.1.1,26.67,31.24,60.33,55.76,11000023.0,110007.0,110008.0,"Loxton Parilla Sand
",Clay,UNK,UNK,,Loxton Sand,10825,
10002559.0,GW034971.1.1,26.67,31.24,60.33,55.76,11000023.0,110007.0,110008.0,Renmark Group,Clay,UNK,UNK,,Renmark Group,16036,
10002559.0,GW034971.1.1,31.24,37.33,55.76,49.67,11000023.0,110007.0,110008.0,"Loxton Parilla Sand
",Sandstone,UNK,UNK,,Loxton Sand,10825,
10002559.0,GW034971.1.1,31.24,37.33,55.76,49.67,11000023.0,110007.0,110008.0,Renmark Group,Sandstone,UNK,UNK,,Renmark Group,16036,
10002857.0,GW034972.1.1,0.0,0.6,80.0,79.4,11000014.0,104011.0,104010.0,Shepparton Formation,Topsoil,UNK,UNK,,Shepparton Formation,25474,
10002857.0,GW034972.1.1,0.6,6.09,79.4,73.91,11000014.0,104011.0,104010.0,Shepparton Formation,Clay,UNK,UNK,,Shepparton Formation,25474,
10002857.0,GW034972.1.1,6.09,7.62,73.91,72.38,11000014.0,104011.0,104010.0,Shepparton Formation,Rock,UNK,UNK,,Shepparton Formation,25474,
10002857.0,GW034972.1.1,7.62,21.03,72.38,58.97,11000023.0,110007.0,110008.0,"Loxton Parilla Sand
",Sandstone,UNK,UNK,,Loxton Sand,10825,
10002857.0,GW034972.1.1,7.62,21.03,72.38,58.97,11000023.0,110007.0,110008.0,Renmark Group,Sandstone,UNK,UNK,,Renmark Group,16036,
10002857.0,GW034972.1.1,21.03,21.64,58.97,58.36,11000023.0,110007.0,110008.0,"Loxton Parilla Sand
",Sand,UNK,UNK,,Loxton Sand,10825,
10002857.0,GW034972.1.1,21.03,21.64,58.97,58.36,11000023.0,110007.0,110008.0,Renmark Group,Sand,UNK,UNK,,Renmark Group,16036,
10002857.0,GW034972.1.1,21.64,38.1,58.36,41.9,11000023.0,110007.0,110008.0,"Loxton Parilla Sand
",Sandstone,UNK,UNK,,Loxton Sand,10825,
10002857.0,GW034972.1.1,21.64,38.1,58.36,41.9,11000023.0,110007.0,110008.0,Renmark Group,Sandstone,UNK,UNK,,Renmark Group,16036,
10002857.0,GW034972.1.1,38.1,43.58,41.9,36.42,11000023.0,110007.0,110008.0,"Loxton Parilla Sand
",Clay,UNK,UNK,,Loxton Sand,10825,
10002857.0,GW034972.1.1,38.1,43.58,41.9,36.42,11000023.0,110007.0,110008.0,Renmark Group,Clay,UNK,UNK,,Renmark Group,16036,
10002857.0,GW034972.1.1,43.58,57.6,36.42,22.4,11000023.0,110007.0,110008.0,"Loxton Parilla Sand
",Sand,UNK,UNK,,Loxton Sand,10825,
10002857.0,GW034972.1.1,43.58,57.6,36.42,22.4,11000023.0,110007.0,110008.0,Renmark Group,Sand,UNK,UNK,,Renmark Group,16036,
10002857.0,GW034972.1.1,57.6,61.26,22.4,18.74,11000023.0,110007.0,110008.0,"Loxton Parilla Sand
",Sand,UNK,UNK,,Loxton Sand,10825,
10002857.0,GW034972.1.1,57.6,61.26,22.4,18.74,11000023.0,110007.0,110008.0,Renmark Group,Sand,UNK,UNK,,Renmark Group,16036,
10003560.0,GW042679.1.1,0.0,64.0,79.0,15.0,11000010.0,133238.0,133270.0,"Lachlan Fold Belt - Undifferentiated
",Clay,UNK,UNK,,,-999999,
10003560.0,GW042679.1.1,64.0,69.26,15.0,9.74,11000010.0,133238.0,133270.0,"Lachlan Fold Belt - Undifferentiated
",Gravel,UNK,UNK,,,-999999,
10003560.0,GW042679.1.1,69.26,71.76,9.74,7.24,11000010.0,133238.0,133270.0,"Lachlan Fold Belt - Undifferentiated
",Clay,UNK,UNK,,,-999999,
10003560.0,GW042679.1.1,71.76,71.79,7.24,7.21,11000010.0,133238.0,133270.0,"Lachlan Fold Belt - Undifferentiated
",Rock,UNK,UNK,,,-999999,
10003699.0,GW042677.1.1,0.0,15.0,74.0,59.0,-19999999.0,-9999.0,-9999.0,Unknown,Sand,UNK,UNK,,,-999999,
10003699.0,GW042677.1.1,15.0,36.0,59.0,38.0,11000023.0,110007.0,110008.0,"Loxton Parilla Sand
",Clay,UNK,UNK,,Loxton Sand,10825,
10003699.0,GW042677.1.1,15.0,36.0,59.0,38.0,11000023.0,110007.0,110008.0,Renmark Group,Clay,UNK,UNK,,Renmark Group,16036,
10003699.0,GW042677.1.1,36.0,55.0,38.0,19.0,11000023.0,110007.0,110008.0,"Loxton Parilla Sand
",Clay,UNK,UNK,,Loxton Sand,10825,
10003699.0,GW042677.1.1,36.0,55.0,38.0,19.0,11000023.0,110007.0,110008.0,Renmark Group,Clay,UNK,UNK,,Renmark Group,16036,
10003699.0,GW042677.1.1,55.0,62.0,19.0,12.0,11000023.0,110007.0,110008.0,"Loxton Parilla Sand
",Clay,UNK,UNK,,Loxton Sand,10825,
10003699.0,GW042677.1.1,55.0,62.0,19.0,12.0,11000023.0,110007.0,110008.0,Renmark Group,Clay,UNK,UNK,,Renmark Group,16036,
10003699.0,GW042677.1.1,62.0,73.25,12.0,0.75,11000023.0,110007.0,110008.0,"Loxton Parilla Sand
",Shale,UNK,UNK,,Loxton Sand,10825,
10003699.0,GW042677.1.1,62.0,73.25,12.0,0.75,11000023.0,110007.0,110008.0,Renmark Group,Shale,UNK,UNK,,Renmark Group,16036,
10003953.0,GW042678.1.1,0.0,50.0,79.0,29.0,11000023.0,110007.0,110008.0,"Loxton Parilla Sand
",Shale,UNK,UNK,,Loxton Sand,10825,
10003953.0,GW042678.1.1,0.0,50.0,79.0,29.0,11000023.0,110007.0,110008.0,"Loxton Parilla Sand
",Clay,UNK,UNK,,Loxton Sand,10825,
10003953.0,GW042678.1.1,0.0,50.0,79.0,29.0,11000023.0,110007.0,110008.0,"Loxton Parilla Sand
",,UNK,UNK,,Loxton Sand,10825,
10003953.0,GW042678.1.1,0.0,50.0,79.0,29.0,11000023.0,110007.0,110008.0,Renmark Group,Shale,UNK,UNK,,Renmark Group,16036,
10003953.0,GW042678.1.1,0.0,50.0,79.0,29.0,11000023.0,110007.0,110008.0,Renmark Group,Clay,UNK,UNK,,Renmark Group,16036,
10003953.0,GW042678.1.1,0.0,50.0,79.0,29.0,11000023.0,110007.0,110008.0,Renmark Group,,UNK,UNK,,Renmark Group,16036,
10003953.0,GW042678.1.1,50.0,77.83,29.0,1.17,11000024.0,115028.0,115024.0,"Lower Renmark Group
",Sandstone,UNK,UNK,,Renmark Group,16036,
10003953.0,GW042678.1.1,50.0,77.83,29.0,1.17,11000024.0,115028.0,115024.0,"Lower Renmark Group
",Sand,UNK,UNK,,Renmark Group,16036,
10007497.0,GW018354.1.1,0.0,0.61,80.0,79.39,11000014.0,104011.0,104010.0,Shepparton Formation,(Unknown),UNK,UNK,,Shepparton Formation,25474,
10007497.0,GW018354.1.1,0.61,2.13,79.39,77.87,11000014.0,104011.0,104010.0,Shepparton Formation,Clay,UNK,UNK,,Shepparton Formation,25474,
10007497.0,GW018354.1.1,2.13,3.66,77.87,76.34,11000014.0,104011.0,104010.0,Shepparton Formation,Gravel,UNK,UNK,,Shepparton Formation,25474,
10007497.0,GW018354.1.1,3.66,9.75,76.34,70.25,11000014.0,104011.0,104010.0,Shepparton Formation,Clay,UNK,UNK,,Shepparton Formation,25474,
10007497.0,GW018354.1.1,9.75,16.76,70.25,63.24,11000016.0,105002.0,105002.0,"Blanchetown Clay
",Clay,UNK,UNK,,"Blanchetown Clay
",1918,
10007497.0,GW018354.1.1,16.76,22.56,63.24,57.44,11000016.0,105002.0,105002.0,"Blanchetown Clay
",Clay,UNK,UNK,,"Blanchetown Clay
",1918,
10007497.0,GW018354.1.1,22.56,26.52,57.44,53.48,11000023.0,110007.0,110008.0,"Loxton Parilla Sand
",Clay,UNK,UNK,,Loxton Sand,10825,
10007497.0,GW018354.1.1,22.56,26.52,57.44,53.48,11000023.0,110007.0,110008.0,Renmark Group,Clay,UNK,UNK,,Renmark Group,16036,
10007497.0,GW018354.1.1,26.52,32.61,53.48,47.39,11000023.0,110007.0,110008.0,"Loxton Parilla Sand
",Sand,UNK,UNK,,Loxton Sand,10825,
10007497.0,GW018354.1.1,26.52,32.61,53.48,47.39,11000023.0,110007.0,110008.0,Renmark Group,Sand,UNK,UNK,,Renmark Group,16036,
10007497.0,GW018354.1.1,32.61,36.58,47.39,43.42,11000023.0,110007.0,110008.0,"Loxton Parilla Sand
",Clay,UNK,UNK,,Loxton Sand,10825,
10007497.0,GW018354.1.1,32.61,36.58,47.39,43.42,11000023.0,110007.0,110008.0,Renmark Group,Clay,UNK,UNK,,Renmark Group,16036,
10007497.0,GW018354.1.1,36.58,38.4,43.42,41.6,11000023.0,110007.0,110008.0,"Loxton Parilla Sand
",Clay,UNK,UNK,,Loxton Sand,10825,
10007497.0,GW018354.1.1,36.58,38.4,43.42,41.6,11000023.0,110007.0,110008.0,Renmark Group,Clay,UNK,UNK,,Renmark Group,16036,
10007497.0,GW018354.1.1,38.4,39.01,41.6,40.99,11000023.0,110007.0,110008.0,"Loxton Parilla Sand
",Clay,UNK,UNK,,Loxton Sand,10825,
10007497.0,GW018354.1.1,38.4,39.01,41.6,40.99,11000023.0,110007.0,110008.0,Renmark Group,Clay,UNK,UNK,,Renmark Group,16036,
10007497.0,GW018354.1.1,39.01,41.15,40.99,38.85,11000023.0,110007.0,110008.0,"Loxton Parilla Sand
",Clay,UNK,UNK,,Loxton Sand,10825,
10007497.0,GW018354.1.1,39.01,41.15,40.99,38.85,11000023.0,110007.0,110008.0,Renmark Group,Clay,UNK,UNK,,Renmark Group,16036,
10007497.0,GW018354.1.1,41.15,43.89,38.85,36.11,11000023.0,110007.0,110008.0,"Loxton Parilla Sand
",Clay,UNK,UNK,,Loxton Sand,10825,
10007497.0,GW018354.1.1,41.15,43.89,38.85,36.11,11000023.0,110007.0,110008.0,Renmark Group,Clay,UNK,UNK,,Renmark Group,16036,
10007497.0,GW018354.1.1,43.89,44.81,36.11,35.19,11000023.0,110007.0,110008.0,"Loxton Parilla Sand
",Sand,UNK,UNK,,Loxton Sand,10825,
10007497.0,GW018354.1.1,43.89,44.81,36.11,35.19,11000023.0,110007.0,110008.0,Renmark Group,Sand,UNK,UNK,,Renmark Group,16036,
10013548.0,GW022021.1.1,0.0,4.57,72.0,67.43,11000016.0,105002.0,105002.0,"Blanchetown Clay
",Clay,UNK,UNK,,"Blanchetown Clay
",1918,
10013548.0,GW022021.1.1,4.57,16.76,67.43,55.24,11000016.0,105002.0,105002.0,"Blanchetown Clay
",Clay,UNK,UNK,,"Blanchetown Clay
",1918,
10013548.0,GW022021.1.1,16.76,27.43,55.24,44.57,11000023.0,110007.0,110008.0,"Loxton Parilla Sand
",Sand,UNK,UNK,,Loxton Sand,10825,
10013548.0,GW022021.1.1,16.76,27.43,55.24,44.57,11000023.0,110007.0,110008.0,Renmark Group,Sand,UNK,UNK,,Renmark Group,16036,
10013548.0,GW022021.1.1,27.43,39.62,44.57,32.38,11000023.0,110007.0,110008.0,"Loxton Parilla Sand
",Clay,UNK,UNK,,Loxton Sand,10825,
10013548.0,GW022021.1.1,27.43,39.62,44.57,32.38,11000023.0,110007.0,110008.0,Renmark Group,Clay,UNK,UNK,,Renmark Group,16036,
10013548.0,GW022021.1.1,39.62,42.37,32.38,29.63,11000023.0,110007.0,110008.0,"Loxton Parilla Sand
",Sandstone,UNK,UNK,,Loxton Sand,10825,
10013548.0,GW022021.1.1,39.62,42.37,32.38,29.63,11000023.0,110007.0,110008.0,Renmark Group,Sandstone,UNK,UNK,,Renmark Group,16036,
10021940.0,GW010436.1.1,0.0,6.1,79.0,72.9,11000014.0,104011.0,104010.0,Shepparton Formation,Clay,UNK,UNK,,Shepparton Formation,25474,
10021940.0,GW010436.1.1,6.1,9.14,72.9,69.86,11000014.0,104011.0,104010.0,Shepparton Formation,Clay,UNK,UNK,,Shepparton Formation,25474,
10021940.0,GW010436.1.1,9.14,12.19,69.86,66.81,11000014.0,104011.0,104010.0,Shepparton Formation,Clay,UNK,UNK,,Shepparton Formation,25474,
10021940.0,GW010436.1.1,12.19,19.81,66.81,59.19,11000014.0,104011.0,104010.0,Shepparton Formation,Clay,UNK,UNK,,Shepparton Formation,25474,
10021940.0,GW010436.1.1,19.81,21.34,59.19,57.66,11000014.0,104011.0,104010.0,Shepparton Formation,(Unknown),UNK,UNK,,Shepparton Formation,25474,
10021940.0,GW010436.1.1,21.34,25.91,57.66,53.09,11000014.0,104011.0,104010.0,Shepparton Formation,Clay,UNK,UNK,,Shepparton Formation,25474,
10021940.0,GW010436.1.1,25.91,29.26,53.09,49.74,11000023.0,110007.0,110008.0,"Loxton Parilla Sand
",Sand,UNK,UNK,,Loxton Sand,10825,
10021940.0,GW010436.1.1,25.91,29.26,53.09,49.74,11000023.0,110007.0,110008.0,Renmark Group,Sand,UNK,UNK,,Renmark Group,16036,
10021940.0,GW010436.1.1,29.26,33.53,49.74,45.47,11000023.0,110007.0,110008.0,"Loxton Parilla Sand
",Sand,UNK,UNK,,Loxton Sand,10825,
10021940.0,GW010436.1.1,29.26,33.53,49.74,45.47,11000023.0,110007.0,110008.0,Renmark Group,Sand,UNK,UNK,,Renmark Group,16036,
10021940.0,GW010436.1.1,33.53,38.1,45.47,40.9,11000023.0,110007.0,110008.0,"Loxton Parilla Sand
",Sand,UNK,UNK,,Loxton Sand,10825,
10021940.0,GW010436.1.1,33.53,38.1,45.47,40.9,11000023.0,110007.0,110008.0,Renmark Group,Sand,UNK,UNK,,Renmark Group,16036,
10021940.0,GW010436.1.1,38.1,52.12,40.9,26.88,11000023.0,110007.0,110008.0,"Loxton Parilla Sand
",Clay,UNK,UNK,,Loxton Sand,10825,
10021940.0,GW010436.1.1,38.1,52.12,40.9,26.88,11000023.0,110007.0,110008.0,Renmark Group,Clay,UNK,UNK,,Renmark Group,16036,
10027658.0,GW010165.1.1,0.0,15.24,90.85,75.61,11000014.0,104011.0,104010.0,Shepparton Formation,Clay,UNK,UNK,,Shepparton Formation,25474,
10027658.0,GW010165.1.1,15.24,18.29,75.61,72.56,11000014.0,104011.0,104010.0,Shepparton Formation,Rock,UNK,UNK,,Shepparton Formation,25474,
10027658.0,GW010165.1.1,18.29,27.43,72.56,63.42,11000014.0,104011.0,104010.0,Shepparton Formation,Clay,UNK,UNK,,Shepparton Formation,25474,
10027658.0,GW010165.1.1,27.43,60.35,63.42,30.5,11000023.0,110007.0,110008.0,"Loxton Parilla Sand
",Sandstone,UNK,UNK,,Loxton Sand,10825,
10027658.0,GW010165.1.1,27.43,60.35,63.42,30.5,11000023.0,110007.0,110008.0,Renmark Group,Sandstone,UNK,UNK,,Renmark Group,16036,
10027658.0,GW010165.1.1,60.35,60.96,30.5,29.89,11000024.0,115028.0,115024.0,"Lower Renmark Group
",Gravel,UNK,UNK,,Renmark Group,16036,
10027847.0,GW017456.1.1,0.0,6.4,72.0,65.6,11000018.0,100131.0,100003.0,"Quaternary alluvial, lacustrine and colluvial sediments

",Clay,UNK,UNK,,,-999999,
10027847.0,GW017456.1.1,6.4,7.62,65.6,64.38,11000018.0,100131.0,100003.0,"Quaternary alluvial, lacustrine and colluvial sediments

",Sand,UNK,UNK,,,-999999,
10027847.0,GW017456.1.1,7.62,21.34,64.38,50.66,11000018.0,100131.0,100003.0,"Quaternary alluvial, lacustrine and colluvial sediments

",Clay,UNK,UNK,,,-999999,
10027847.0,GW017456.1.1,21.34,25.91,50.66,46.09,11000016.0,105002.0,105002.0,"Blanchetown Clay
",Clay,UNK,UNK,,"Blanchetown Clay
",1918,
10027847.0,GW017456.1.1,25.91,27.43,46.09,44.57,11000016.0,105002.0,105002.0,"Blanchetown Clay
",Clay,UNK,UNK,,"Blanchetown Clay
",1918,
10027847.0,GW017456.1.1,27.43,32.92,44.57,39.08,11000023.0,110007.0,110008.0,"Loxton Parilla Sand
",Clay,UNK,UNK,,Loxton Sand,10825,
10027847.0,GW017456.1.1,27.43,32.92,44.57,39.08,11000023.0,110007.0,110008.0,Renmark Group,Clay,UNK,UNK,,Renmark Group,16036,
10027847.0,GW017456.1.1,32.92,35.05,39.08,36.95,11000023.0,110007.0,110008.0,"Loxton Parilla Sand
",Clay,UNK,UNK,,Loxton Sand,10825,
10027847.0,GW017456.1.1,32.92,35.05,39.08,36.95,11000023.0,110007.0,110008.0,Renmark Group,Clay,UNK,UNK,,Renmark Group,16036,
10027847.0,GW017456.1.1,35.05,43.28,36.95,28.72,11000023.0,110007.0,110008.0,"Loxton Parilla Sand
",Sandstone,UNK,UNK,,Loxton Sand,10825,
10027847.0,GW017456.1.1,35.05,43.28,36.95,28.72,11000023.0,110007.0,110008.0,Renmark Group,Sandstone,UNK,UNK,,Renmark Group,16036,
10028598.0,GW057138.1.1,0.0,1.2,71.1,69.9,11000018.0,100131.0,100003.0,"Quaternary alluvial, lacustrine and colluvial sediments

",Clay,UNK,UNK,,,-999999,
10028598.0,GW057138.1.1,1.2,10.1,69.9,61.0,11000018.0,100131.0,100003.0,"Quaternary alluvial, lacustrine and colluvial sediments

",Clay,UNK,UNK,,,-999999,
10028598.0,GW057138.1.1,10.1,11.0,61.0,60.1,11000023.0,110007.0,110008.0,"Loxton Parilla Sand
",Sand,UNK,UNK,,Loxton Sand,10825,
10028598.0,GW057138.1.1,10.1,11.0,61.0,60.1,11000023.0,110007.0,110008.0,Renmark Group,Sand,UNK,UNK,,Renmark Group,16036,
10028598.0,GW057138.1.1,11.0,20.4,60.1,50.7,11000023.0,110007.0,110008.0,"Loxton Parilla Sand
",Clay,UNK,UNK,,Loxton Sand,10825,
10028598.0,GW057138.1.1,11.0,20.4,60.1,50.7,11000023.0,110007.0,110008.0,Renmark Group,Clay,UNK,UNK,,Renmark Group,16036,
10028598.0,GW057138.1.1,20.4,35.7,50.7,35.4,11000023.0,110007.0,110008.0,"Loxton Parilla Sand
",Clay,UNK,UNK,,Loxton Sand,10825,
10028598.0,GW057138.1.1,20.4,35.7,50.7,35.4,11000023.0,110007.0,110008.0,Renmark Group,Clay,UNK,UNK,,Renmark Group,16036,
10028598.0,GW057138.1.1,35.7,40.5,35.4,30.6,11000023.0,110007.0,110008.0,"Loxton Parilla Sand
",Sand,UNK,UNK,,Loxton Sand,10825,
10028598.0,GW057138.1.1,35.7,40.5,35.4,30.6,11000023.0,110007.0,110008.0,Renmark Group,Sand,UNK,UNK,,Renmark Group,16036,
10028598.0,GW057138.1.1,40.5,41.8,30.6,29.3,11000024.0,115028.0,115024.0,"Lower Renmark Group
",Sand,UNK,UNK,,Renmark Group,16036,
10028598.0,GW057138.1.1,41.8,42.7,29.3,28.4,11000024.0,115028.0,115024.0,"Lower Renmark Group
",Clay,UNK,UNK,,Renmark Group,16036,
10032308.0,GW035058.1.1,0.0,0.45,74.0,73.55,11000014.0,104011.0,104010.0,Shepparton Formation,Topsoil,UNK,UNK,,Shepparton Formation,25474,
10032308.0,GW035058.1.1,0.45,3.04,73.55,70.96,11000014.0,104011.0,104010.0,Shepparton Formation,Clay,UNK,UNK,,Shepparton Formation,25474,
10032308.0,GW035058.1.1,3.04,10.66,70.96,63.34,11000014.0,104011.0,104010.0,Shepparton Formation,(Unknown),UNK,UNK,,Shepparton Formation,25474,
10032308.0,GW035058.1.1,10.66,17.98,63.34,56.02,11000023.0,110007.0,110008.0,"Loxton Parilla Sand
",Sandstone,UNK,UNK,,Loxton Sand,10825,
10032308.0,GW035058.1.1,10.66,17.98,63.34,56.02,11000023.0,110007.0,110008.0,Renmark Group,Sandstone,UNK,UNK,,Renmark Group,16036,
10032308.0,GW035058.1.1,17.98,19.5,56.02,54.5,11000023.0,110007.0,110008.0,"Loxton Parilla Sand
",Clay,UNK,UNK,,Loxton Sand,10825,
10032308.0,GW035058.1.1,17.98,19.5,56.02,54.5,11000023.0,110007.0,110008.0,Renmark Group,Clay,UNK,UNK,,Renmark Group,16036,
10032308.0,GW035058.1.1,19.5,19.59,54.5,54.41,11000023.0,110007.0,110008.0,"Loxton Parilla Sand
",Sand,UNK,UNK,,Loxton Sand,10825,
10032308.0,GW035058.1.1,19.5,19.59,54.5,54.41,11000023.0,110007.0,110008.0,Renmark Group,Sand,UNK,UNK,,Renmark Group,16036,
10032308.0,GW035058.1.1,19.59,28.74,54.41,45.26,11000023.0,110007.0,110008.0,"Loxton Parilla Sand
",Clay,UNK,UNK,,Loxton Sand,10825,
10032308.0,GW035058.1.1,19.59,28.74,54.41,45.26,11000023.0,110007.0,110008.0,Renmark Group,Clay,UNK,UNK,,Renmark Group,16036,
10032308.0,GW035058.1.1,28.74,38.4,45.26,35.6,11000023.0,110007.0,110008.0,"Loxton Parilla Sand
",Clay,UNK,UNK,,Loxton Sand,10825,
10032308.0,GW035058.1.1,28.74,38.4,45.26,35.6,11000023.0,110007.0,110008.0,Renmark Group,Clay,UNK,UNK,,Renmark Group,16036,
10032308.0,GW035058.1.1,38.4,50.59,35.6,23.41,11000023.0,110007.0,110008.0,"Loxton Parilla Sand
",Sand,UNK,UNK,,Loxton Sand,10825,
10032308.0,GW035058.1.1,38.4,50.59,35.6,23.41,11000023.0,110007.0,110008.0,Renmark Group,Sand,UNK,UNK,,Renmark Group,16036,
10036777.0,GW035405.1.1,0.0,0.6,66.74,66.14,11000018.0,100131.0,100003.0,"Quaternary alluvial, lacustrine and colluvial sediments

",Soil,UNK,UNK,,,-999999,
10036777.0,GW035405.1.1,0.6,10.66,66.14,56.08,11000018.0,100131.0,100003.0,"Quaternary alluvial, lacustrine and colluvial sediments

",Clay,UNK,UNK,,,-999999,
10036777.0,GW035405.1.1,10.66,16.76,56.08,49.98,11000023.0,110007.0,110008.0,"Loxton Parilla Sand
",Clay,UNK,UNK,,Loxton Sand,10825,
10036777.0,GW035405.1.1,10.66,16.76,56.08,49.98,11000023.0,110007.0,110008.0,Renmark Group,Clay,UNK,UNK,,Renmark Group,16036,
10036777.0,GW035405.1.1,16.76,21.33,49.98,45.41,11000023.0,110007.0,110008.0,"Loxton Parilla Sand
",Clay,UNK,UNK,,Loxton Sand,10825,
10036777.0,GW035405.1.1,16.76,21.33,49.98,45.41,11000023.0,110007.0,110008.0,Renmark Group,Clay,UNK,UNK,,Renmark Group,16036,
10036777.0,GW035405.1.1,21.33,24.38,45.41,42.36,11000023.0,110007.0,110008.0,"Loxton Parilla Sand
",Clay,UNK,UNK,,Loxton Sand,10825,
10036777.0,GW035405.1.1,21.33,24.38,45.41,42.36,11000023.0,110007.0,110008.0,Renmark Group,Clay,UNK,UNK,,Renmark Group,16036,
10036777.0,GW035405.1.1,24.38,28.95,42.36,37.79,11000023.0,110007.0,110008.0,"Loxton Parilla Sand
",Silt,UNK,UNK,,Loxton Sand,10825,
10036777.0,GW035405.1.1,24.38,28.95,42.36,37.79,11000023.0,110007.0,110008.0,Renmark Group,Silt,UNK,UNK,,Renmark Group,16036,
10036777.0,GW035405.1.1,28.95,35.05,37.79,31.69,11000023.0,110007.0,110008.0,"Loxton Parilla Sand
",Sand,UNK,UNK,,Loxton Sand,10825,
10036777.0,GW035405.1.1,28.95,35.05,37.79,31.69,11000023.0,110007.0,110008.0,Renmark Group,Sand,UNK,UNK,,Renmark Group,16036,
10045062.0,GW088214.1.1,0.0,0.5,100.28,99.78,11000018.0,100131.0,100003.0,"Quaternary alluvial, lacustrine and colluvial sediments

",Clay,UNK,UNK,,,-999999,
10045062.0,GW088214.1.1,0.5,1.0,99.78,99.28,11000018.0,100131.0,100003.0,"Quaternary alluvial, lacustrine and colluvial sediments

",Sandy Clay,UNK,UNK,,,-999999,
10045062.0,GW088214.1.1,1.0,3.0,99.28,97.28,11000018.0,100131.0,100003.0,"Quaternary alluvial, lacustrine and colluvial sediments

",Clay,UNK,UNK,,,-999999,
10045062.0,GW088214.1.1,3.0,3.5,97.28,96.78,11000018.0,100131.0,100003.0,"Quaternary alluvial, lacustrine and colluvial sediments

",Clay,UNK,UNK,,,-999999,
10045793.0,GW007807.1.1,0.0,0.61,110.0,109.39,11000005.0,100128.0,100018.0,"Stuarts Point - Upper Quaternary Sands
",Soil,UNK,UNK,,,-999999,
10045793.0,GW007807.1.1,0.61,18.29,109.39,91.71,11000005.0,100128.0,100018.0,"Stuarts Point - Upper Quaternary Sands
",Clay,UNK,UNK,,,-999999,
10045793.0,GW007807.1.1,18.29,21.34,91.71,88.66,11000023.0,110007.0,110008.0,"Loxton Parilla Sand
",Sandstone,UNK,UNK,,Loxton Sand,10825,
10045793.0,GW007807.1.1,18.29,21.34,91.71,88.66,11000023.0,110007.0,110008.0,Renmark Group,Sandstone,UNK,UNK,,Renmark Group,16036,
10045793.0,GW007807.1.1,21.34,24.38,88.66,85.62,11000023.0,110007.0,110008.0,"Loxton Parilla Sand
",Clay,UNK,UNK,,Loxton Sand,10825,
10045793.0,GW007807.1.1,21.34,24.38,88.66,85.62,11000023.0,110007.0,110008.0,Renmark Group,Clay,UNK,UNK,,Renmark Group,16036,
10045793.0,GW007807.1.1,24.38,25.91,85.62,84.09,11000023.0,110007.0,110008.0,"Loxton Parilla Sand
",Sandstone,UNK,UNK,,Loxton Sand,10825,
10045793.0,GW007807.1.1,24.38,25.91,85.62,84.09,11000023.0,110007.0,110008.0,Renmark Group,Sandstone,UNK,UNK,,Renmark Group,16036,
10045793.0,GW007807.1.1,25.91,29.87,84.09,80.13,11000023.0,110007.0,110008.0,"Loxton Parilla Sand
",Clay,UNK,UNK,,Loxton Sand,10825,
10045793.0,GW007807.1.1,25.91,29.87,84.09,80.13,11000023.0,110007.0,110008.0,Renmark Group,Clay,UNK,UNK,,Renmark Group,16036,
10045793.0,GW007807.1.1,29.87,32.31,80.13,77.69,11000023.0,110007.0,110008.0,"Loxton Parilla Sand
",Clay,UNK,UNK,,Loxton Sand,10825,
10045793.0,GW007807.1.1,29.87,32.31,80.13,77.69,11000023.0,110007.0,110008.0,Renmark Group,Clay,UNK,UNK,,Renmark Group,16036,
10045793.0,GW007807.1.1,32.31,33.53,77.69,76.47,11000023.0,110007.0,110008.0,"Loxton Parilla Sand
",Clay,UNK,UNK,,Loxton Sand,10825,
10045793.0,GW007807.1.1,32.31,33.53,77.69,76.47,11000023.0,110007.0,110008.0,Renmark Group,Clay,UNK,UNK,,Renmark Group,16036,
10045793.0,GW007807.1.1,33.53,35.05,76.47,74.95,11000023.0,110007.0,110008.0,"Loxton Parilla Sand
",Clay,UNK,UNK,,Loxton Sand,10825,
10045793.0,GW007807.1.1,33.53,35.05,76.47,74.95,11000023.0,110007.0,110008.0,Renmark Group,Clay,UNK,UNK,,Renmark Group,16036,
10045793.0,GW007807.1.1,35.05,39.62,74.95,70.38,11000023.0,110007.0,110008.0,"Loxton Parilla Sand
",Clay,UNK,UNK,,Loxton Sand,10825,
10045793.0,GW007807.1.1,35.05,39.62,74.95,70.38,11000023.0,110007.0,110008.0,Renmark Group,Clay,UNK,UNK,,Renmark Group,16036,
10045793.0,GW007807.1.1,39.62,40.84,70.38,69.16,11000023.0,110007.0,110008.0,"Loxton Parilla Sand
",Clay,UNK,UNK,,Loxton Sand,10825,
10045793.0,GW007807.1.1,39.62,40.84,70.38,69.16,11000023.0,110007.0,110008.0,Renmark Group,Clay,UNK,UNK,,Renmark Group,16036,
10045793.0,GW007807.1.1,40.84,45.72,69.16,64.28,11000023.0,110007.0,110008.0,"Loxton Parilla Sand
",Clay,UNK,UNK,,Loxton Sand,10825,
10045793.0,GW007807.1.1,40.84,45.72,69.16,64.28,11000023.0,110007.0,110008.0,Renmark Group,Clay,UNK,UNK,,Renmark Group,16036,
10045793.0,GW007807.1.1,45.72,61.57,64.28,48.43,11000010.0,133238.0,133270.0,"Lachlan Fold Belt - Undifferentiated
",Sandstone,UNK,UNK,,,-999999,
10045793.0,GW007807.1.1,61.57,67.97,48.43,42.03,11000010.0,133238.0,133270.0,"Lachlan Fold Belt - Undifferentiated
",Clay,UNK,UNK,,,-999999,
10045793.0,GW007807.1.1,67.97,70.71,42.03,39.29,11000010.0,133238.0,133270.0,"Lachlan Fold Belt - Undifferentiated
",Sandstone,UNK,UNK,,,-999999,
10045793.0,GW007807.1.1,70.71,79.25,39.29,30.75,11000010.0,133238.0,133270.0,"Lachlan Fold Belt - Undifferentiated
",Sandstone,UNK,UNK,,,-999999,
10045793.0,GW007807.1.1,79.25,80.77,30.75,29.23,11000010.0,133238.0,133270.0,"Lachlan Fold Belt - Undifferentiated
",Sandstone,UNK,UNK,,,-999999,
10045793.0,GW007807.1.1,80.77,85.04,29.23,24.96,11000010.0,133238.0,133270.0,"Lachlan Fold Belt - Undifferentiated
",Sandstone,UNK,UNK,,,-999999,
10045793.0,GW007807.1.1,85.04,85.34,24.96,24.66,11000010.0,133238.0,133270.0,"Lachlan Fold Belt - Undifferentiated
",Sandstone,UNK,UNK,,,-999999,
10047847.0,GW006403.1.1,0.0,0.61,74.0,73.39,11000014.0,104011.0,104010.0,Shepparton Formation,Soil,UNK,UNK,,Shepparton Formation,25474,
10047847.0,GW006403.1.1,0.61,2.44,73.39,71.56,11000014.0,104011.0,104010.0,Shepparton Formation,Clay,UNK,UNK,,Shepparton Formation,25474,
10047847.0,GW006403.1.1,2.44,3.66,71.56,70.34,11000014.0,104011.0,104010.0,Shepparton Formation,Clay,UNK,UNK,,Shepparton Formation,25474,
10047847.0,GW006403.1.1,3.66,9.14,70.34,64.86,11000014.0,104011.0,104010.0,Shepparton Formation,Sandstone,UNK,UNK,,Shepparton Formation,25474,
10047847.0,GW006403.1.1,9.14,17.68,64.86,56.32,11000023.0,110007.0,110008.0,"Loxton Parilla Sand
",Clay,UNK,UNK,,Loxton Sand,10825,
10047847.0,GW006403.1.1,9.14,17.68,64.86,56.32,11000023.0,110007.0,110008.0,Renmark Group,Clay,UNK,UNK,,Renmark Group,16036,
10047847.0,GW006403.1.1,9.14,17.68,64.86,56.32,11000014.0,104011.0,104010.0,Shepparton Formation,Shale,UNK,UNK,,Shepparton Formation,25474,
10047847.0,GW006403.1.1,17.68,20.42,56.32,53.58,11000023.0,110007.0,110008.0,"Loxton Parilla Sand
",Clay,UNK,UNK,,Loxton Sand,10825,
10047847.0,GW006403.1.1,17.68,20.42,56.32,53.58,11000023.0,110007.0,110008.0,Renmark Group,Clay,UNK,UNK,,Renmark Group,16036,
10047847.0,GW006403.1.1,20.42,22.86,53.58,51.14,11000023.0,110007.0,110008.0,"Loxton Parilla Sand
",Clay,UNK,UNK,,Loxton Sand,10825,
10047847.0,GW006403.1.1,20.42,22.86,53.58,51.14,11000023.0,110007.0,110008.0,Renmark Group,Clay,UNK,UNK,,Renmark Group,16036,
10049581.0,GW008852.1.1,0.0,11.28,72.5,61.22,11000014.0,104011.0,104010.0,Shepparton Formation,Clay,UNK,UNK,,Shepparton Formation,25474,
10049581.0,GW008852.1.1,11.28,15.24,61.22,57.26,11000023.0,110007.0,110008.0,"Loxton Parilla Sand
",Sandstone,UNK,UNK,,Loxton Sand,10825,
10049581.0,GW008852.1.1,11.28,15.24,61.22,57.26,11000023.0,110007.0,110008.0,Renmark Group,Sandstone,UNK,UNK,,Renmark Group,16036,
10049581.0,GW008852.1.1,15.24,35.97,57.26,36.53,11000023.0,110007.0,110008.0,"Loxton Parilla Sand
",Invalid Code,UNK,UNK,,Loxton Sand,10825,
10049581.0,GW008852.1.1,15.24,35.97,57.26,36.53,11000023.0,110007.0,110008.0,Renmark Group,Invalid Code,UNK,UNK,,Renmark Group,16036,
10049589.0,GW015936.1.1,0.0,0.61,86.81,86.2,11000014.0,104011.0,104010.0,Shepparton Formation,Soil,UNK,UNK,,Shepparton Formation,25474,
10049589.0,GW015936.1.1,0.61,4.57,86.2,82.24,11000014.0,104011.0,104010.0,Shepparton Formation,Clay,UNK,UNK,,Shepparton Formation,25474,
10049589.0,GW015936.1.1,4.57,8.23,82.24,78.58,11000014.0,104011.0,104010.0,Shepparton Formation,Sand,UNK,UNK,,Shepparton Formation,25474,
10049589.0,GW015936.1.1,8.23,17.07,78.58,69.74,11000014.0,104011.0,104010.0,Shepparton Formation,Sand,UNK,UNK,,Shepparton Formation,25474,
10049589.0,GW015936.1.1,17.07,27.74,69.74,59.07,11000016.0,105002.0,105002.0,"Blanchetown Clay
",Clay,UNK,UNK,,"Blanchetown Clay
",1918,
10049589.0,GW015936.1.1,27.74,31.39,59.07,55.42,11000023.0,110007.0,110008.0,"Loxton Parilla Sand
",Clay,UNK,UNK,,Loxton Sand,10825,
10049589.0,GW015936.1.1,27.74,31.39,59.07,55.42,11000023.0,110007.0,110008.0,Renmark Group,Clay,UNK,UNK,,Renmark Group,16036,
10049589.0,GW015936.1.1,31.39,34.75,55.42,52.06,11000023.0,110007.0,110008.0,"Loxton Parilla Sand
",Sand,UNK,UNK,,Loxton Sand,10825,
10049589.0,GW015936.1.1,31.39,34.75,55.42,52.06,11000023.0,110007.0,110008.0,Renmark Group,Sand,UNK,UNK,,Renmark Group,16036,
10049589.0,GW015936.1.1,34.75,35.05,52.06,51.76,11000023.0,110007.0,110008.0,"Loxton Parilla Sand
",Clay,UNK,UNK,,Loxton Sand,10825,
10049589.0,GW015936.1.1,34.75,35.05,52.06,51.76,11000023.0,110007.0,110008.0,Renmark Group,Clay,UNK,UNK,,Renmark Group,16036,
10049589.0,GW015936.1.1,35.05,39.01,51.76,47.8,11000023.0,110007.0,110008.0,"Loxton Parilla Sand
",Sand,UNK,UNK,,Loxton Sand,10825,
10049589.0,GW015936.1.1,35.05,39.01,51.76,47.8,11000023.0,110007.0,110008.0,Renmark Group,Sand,UNK,UNK,,Renmark Group,16036,
10049589.0,GW015936.1.1,39.01,39.32,47.8,47.49,11000023.0,110007.0,110008.0,"Loxton Parilla Sand
",Clay,UNK,UNK,,Loxton Sand,10825,
10049589.0,GW015936.1.1,39.01,39.32,47.8,47.49,11000023.0,110007.0,110008.0,Renmark Group,Clay,UNK,UNK,,Renmark Group,16036,
10049589.0,GW015936.1.1,39.32,42.37,47.49,44.44,11000023.0,110007.0,110008.0,"Loxton Parilla Sand
",Sand,UNK,UNK,,Loxton Sand,10825,
10049589.0,GW015936.1.1,39.32,42.37,47.49,44.44,11000023.0,110007.0,110008.0,Renmark Group,Sand,UNK,UNK,,Renmark Group,16036,
10049589.0,GW015936.1.1,42.37,42.98,44.44,43.83,11000023.0,110007.0,110008.0,"Loxton Parilla Sand
",Clay,UNK,UNK,,Loxton Sand,10825,
10049589.0,GW015936.1.1,42.37,42.98,44.44,43.83,11000023.0,110007.0,110008.0,Renmark Group,Clay,UNK,UNK,,Renmark Group,16036,
10053670.0,GW007720.1.1,0.0,0.61,106.0,105.39,11000005.0,100128.0,100018.0,"Stuarts Point - Upper Quaternary Sands
",Soil,UNK,UNK,,,-999999,
10053670.0,GW007720.1.1,0.61,6.71,105.39,99.29,11000005.0,100128.0,100018.0,"Stuarts Point - Upper Quaternary Sands
",Claystone,UNK,UNK,,,-999999,
10053670.0,GW007720.1.1,6.71,8.53,99.29,97.47,11000023.0,110007.0,110008.0,"Loxton Parilla Sand
",Clay,UNK,UNK,,Loxton Sand,10825,
10053670.0,GW007720.1.1,6.71,8.53,99.29,97.47,11000023.0,110007.0,110008.0,Renmark Group,Clay,UNK,UNK,,Renmark Group,16036,
10053670.0,GW007720.1.1,8.53,10.97,97.47,95.03,11000023.0,110007.0,110008.0,"Loxton Parilla Sand
",Clay,UNK,UNK,,Loxton Sand,10825,
10053670.0,GW007720.1.1,8.53,10.97,97.47,95.03,11000023.0,110007.0,110008.0,Renmark Group,Clay,UNK,UNK,,Renmark Group,16036,
10053670.0,GW007720.1.1,10.97,14.02,95.03,91.98,11000023.0,110007.0,110008.0,"Loxton Parilla Sand
",Clay,UNK,UNK,,Loxton Sand,10825,
10053670.0,GW007720.1.1,10.97,14.02,95.03,91.98,11000023.0,110007.0,110008.0,Renmark Group,Clay,UNK,UNK,,Renmark Group,16036,
10053670.0,GW007720.1.1,14.02,16.46,91.98,89.54,11000023.0,110007.0,110008.0,"Loxton Parilla Sand
",Clay,UNK,UNK,,Loxton Sand,10825,
10053670.0,GW007720.1.1,14.02,16.46,91.98,89.54,11000023.0,110007.0,110008.0,Renmark Group,Clay,UNK,UNK,,Renmark Group,16036,
10053670.0,GW007720.1.1,16.46,18.29,89.54,87.71,11000010.0,133238.0,133270.0,"Lachlan Fold Belt - Undifferentiated
",Boulders,UNK,UNK,,,-999999,
10053670.0,GW007720.1.1,18.29,22.86,87.71,83.14,11000010.0,133238.0,133270.0,"Lachlan Fold Belt - Undifferentiated
",Sandstone,UNK,UNK,,,-999999,
10053670.0,GW007720.1.1,22.86,24.38,83.14,81.62,11000010.0,133238.0,133270.0,"Lachlan Fold Belt - Undifferentiated
",Sandstone,UNK,UNK,,,-999999,
10053670.0,GW007720.1.1,24.38,25.6,81.62,80.4,11000010.0,133238.0,133270.0,"Lachlan Fold Belt - Undifferentiated
",Boulders,UNK,UNK,,,-999999,
10053670.0,GW007720.1.1,25.6,35.05,80.4,70.95,11000010.0,133238.0,133270.0,"Lachlan Fold Belt - Undifferentiated
",Sandstone,UNK,UNK,,,-999999,
10060345.0,GW021923.1.1,0.0,1.52,76.0,74.48,11000014.0,104011.0,104010.0,Shepparton Formation,Soil,UNK,UNK,,Shepparton Formation,25474,
10060345.0,GW021923.1.1,1.52,24.38,74.48,51.62,11000014.0,104011.0,104010.0,Shepparton Formation,Clay,UNK,UNK,,Shepparton Formation,25474,
10060345.0,GW021923.1.1,24.38,30.48,51.62,45.52,11000014.0,104011.0,104010.0,Shepparton Formation,Clay,UNK,UNK,,Shepparton Formation,25474,
10060345.0,GW021923.1.1,30.48,37.19,45.52,38.81,11000023.0,110007.0,110008.0,"Loxton Parilla Sand
",Clay,UNK,UNK,,Loxton Sand,10825,
10060345.0,GW021923.1.1,30.48,37.19,45.52,38.81,11000023.0,110007.0,110008.0,Renmark Group,Clay,UNK,UNK,,Renmark Group,16036,
10060345.0,GW021923.1.1,37.19,38.71,38.81,37.29,11000023.0,110007.0,110008.0,"Loxton Parilla Sand
",Sand,UNK,UNK,,Loxton Sand,10825,
10060345.0,GW021923.1.1,37.19,38.71,38.81,37.29,11000023.0,110007.0,110008.0,Renmark Group,Sand,UNK,UNK,,Renmark Group,16036,
10060345.0,GW021923.1.1,38.71,51.82,37.29,24.18,11000023.0,110007.0,110008.0,"Loxton Parilla Sand
",Clay,UNK,UNK,,Loxton Sand,10825,
10060345.0,GW021923.1.1,38.71,51.82,37.29,24.18,11000023.0,110007.0,110008.0,Renmark Group,Clay,UNK,UNK,,Renmark Group,16036,
10060345.0,GW021923.1.1,51.82,53.04,24.18,22.96,11000023.0,110007.0,110008.0,"Loxton Parilla Sand
",Sand,UNK,UNK,,Loxton Sand,10825,
10060345.0,GW021923.1.1,51.82,53.04,24.18,22.96,11000023.0,110007.0,110008.0,Renmark Group,Sand,UNK,UNK,,Renmark Group,16036,
10060345.0,GW021923.1.1,53.04,71.32,22.96,4.68,11000023.0,110007.0,110008.0,"Loxton Parilla Sand
",Clay,UNK,UNK,,Loxton Sand,10825,
10060345.0,GW021923.1.1,53.04,71.32,22.96,4.68,11000023.0,110007.0,110008.0,Renmark Group,Clay,UNK,UNK,,Renmark Group,16036,
10060345.0,GW021923.1.1,71.32,79.25,4.68,-3.25,11000023.0,110007.0,110008.0,"Loxton Parilla Sand
",Invalid Code,UNK,UNK,,Loxton Sand,10825,
10060345.0,GW021923.1.1,71.32,79.25,4.68,-3.25,11000023.0,110007.0,110008.0,Renmark Group,Invalid Code,UNK,UNK,,Renmark Group,16036,
10060345.0,GW021923.1.1,79.25,80.47,-3.25,-4.47,11000024.0,115028.0,115024.0,"Lower Renmark Group
",(Unknown),UNK,UNK,,Renmark Group,16036,
10066979.0,GW022669.1.1,0.0,0.61,70.03,69.42,11000018.0,100131.0,100003.0,"Quaternary alluvial, lacustrine and colluvial sediments

",Soil,UNK,UNK,,,-999999,
10066979.0,GW022669.1.1,0.61,10.67,69.42,59.36,11000018.0,100131.0,100003.0,"Quaternary alluvial, lacustrine and colluvial sediments

",Clay,UNK,UNK,,,-999999,
10066979.0,GW022669.1.1,10.67,16.76,59.36,53.27,11000018.0,100131.0,100003.0,"Quaternary alluvial, lacustrine and colluvial sediments

",Clay,UNK,UNK,,,-999999,
10066979.0,GW022669.1.1,16.76,21.34,53.27,48.69,11000016.0,105002.0,105002.0,"Blanchetown Clay
",Clay,UNK,UNK,,"Blanchetown Clay
",1918,
10066979.0,GW022669.1.1,21.34,24.38,48.69,45.65,11000023.0,110007.0,110008.0,"Loxton Parilla Sand
",Clay,UNK,UNK,,Loxton Sand,10825,
10066979.0,GW022669.1.1,21.34,24.38,48.69,45.65,11000023.0,110007.0,110008.0,Renmark Group,Clay,UNK,UNK,,Renmark Group,16036,
10066979.0,GW022669.1.1,24.38,28.96,45.65,41.07,11000023.0,110007.0,110008.0,"Loxton Parilla Sand
",Silt,UNK,UNK,,Loxton Sand,10825,
10066979.0,GW022669.1.1,24.38,28.96,45.65,41.07,11000023.0,110007.0,110008.0,Renmark Group,Silt,UNK,UNK,,Renmark Group,16036,
10066979.0,GW022669.1.1,28.96,32.92,41.07,37.11,11000023.0,110007.0,110008.0,"Loxton Parilla Sand
",Sand,UNK,UNK,,Loxton Sand,10825,
10066979.0,GW022669.1.1,28.96,32.92,41.07,37.11,11000023.0,110007.0,110008.0,Renmark Group,Sand,UNK,UNK,,Renmark Group,16036,
10075758.0,GW027508.1.1,0.0,1.52,73.0,71.48,11000018.0,100131.0,100003.0,"Quaternary alluvial, lacustrine and colluvial sediments

",Clay,UNK,UNK,,,-999999,
10075758.0,GW027508.1.1,1.52,9.14,71.48,63.86,11000018.0,100131.0,100003.0,"Quaternary alluvial, lacustrine and colluvial sediments

",Clay,UNK,UNK,,,-999999,
10075758.0,GW027508.1.1,9.14,18.29,63.86,54.71,11000023.0,110007.0,110008.0,"Loxton Parilla Sand
",Clay,UNK,UNK,,Loxton Sand,10825,
10075758.0,GW027508.1.1,9.14,18.29,63.86,54.71,11000023.0,110007.0,110008.0,Renmark Group,Clay,UNK,UNK,,Renmark Group,16036,
10075758.0,GW027508.1.1,18.29,30.48,54.71,42.52,11000023.0,110007.0,110008.0,"Loxton Parilla Sand
",Sand,UNK,UNK,,Loxton Sand,10825,
10075758.0,GW027508.1.1,18.29,30.48,54.71,42.52,11000023.0,110007.0,110008.0,Renmark Group,Sand,UNK,UNK,,Renmark Group,16036,
10075954.0,GW026704.1.1,0.0,0.61,75.77,75.16,11000014.0,104011.0,104010.0,Shepparton Formation,Soil,UNK,UNK,,Shepparton Formation,25474,
10075954.0,GW026704.1.1,0.61,7.32,75.16,68.45,11000014.0,104011.0,104010.0,Shepparton Formation,Clay,UNK,UNK,,Shepparton Formation,25474,
10075954.0,GW026704.1.1,7.32,9.14,68.45,66.63,11000014.0,104011.0,104010.0,Shepparton Formation,Clay,UNK,UNK,,Shepparton Formation,25474,
10075954.0,GW026704.1.1,9.14,19.81,66.63,55.96,11000023.0,110007.0,110008.0,"Loxton Parilla Sand
",Sand,UNK,UNK,,Loxton Sand,10825,
10075954.0,GW026704.1.1,9.14,19.81,66.63,55.96,11000023.0,110007.0,110008.0,Renmark Group,Sand,UNK,UNK,,Renmark Group,16036,
10075954.0,GW026704.1.1,19.81,24.38,55.96,51.39,11000023.0,110007.0,110008.0,"Loxton Parilla Sand
",Clay,UNK,UNK,,Loxton Sand,10825,
10075954.0,GW026704.1.1,19.81,24.38,55.96,51.39,11000023.0,110007.0,110008.0,Renmark Group,Clay,UNK,UNK,,Renmark Group,16036,
10075954.0,GW026704.1.1,24.38,27.43,51.39,48.34,11000023.0,110007.0,110008.0,"Loxton Parilla Sand
",Clay,UNK,UNK,,Loxton Sand,10825,
10075954.0,GW026704.1.1,24.38,27.43,51.39,48.34,11000023.0,110007.0,110008.0,Renmark Group,Clay,UNK,UNK,,Renmark Group,16036,
10075954.0,GW026704.1.1,27.43,28.96,48.34,46.81,11000023.0,110007.0,110008.0,"Loxton Parilla Sand
",Clay,UNK,UNK,,Loxton Sand,10825,
10075954.0,GW026704.1.1,27.43,28.96,48.34,46.81,11000023.0,110007.0,110008.0,Renmark Group,Clay,UNK,UNK,,Renmark Group,16036,
10075954.0,GW026704.1.1,28.96,45.11,46.81,30.66,11000023.0,110007.0,110008.0,"Loxton Parilla Sand
",Clay,UNK,UNK,,Loxton Sand,10825,
10075954.0,GW026704.1.1,28.96,45.11,46.81,30.66,11000023.0,110007.0,110008.0,Renmark Group,Clay,UNK,UNK,,Renmark Group,16036,
10075954.0,GW026704.1.1,45.11,46.63,30.66,29.14,11000023.0,110007.0,110008.0,"Loxton Parilla Sand
",Clay,UNK,UNK,,Loxton Sand,10825,
10075954.0,GW026704.1.1,45.11,46.63,30.66,29.14,11000023.0,110007.0,110008.0,Renmark Group,Clay,UNK,UNK,,Renmark Group,16036,
10075954.0,GW026704.1.1,46.63,48.16,29.14,27.61,11000024.0,115028.0,115024.0,"Lower Renmark Group
",Sandstone,UNK,UNK,,Renmark Group,16036,
10075954.0,GW026704.1.1,48.16,48.77,27.61,27.0,11000024.0,115028.0,115024.0,"Lower Renmark Group
",Clay,UNK,UNK,,Renmark Group,16036,
10075954.0,GW026704.1.1,48.77,51.21,27.0,24.56,11000024.0,115028.0,115024.0,"Lower Renmark Group
",Sandstone,UNK,UNK,,Renmark Group,16036,
10075954.0,GW026704.1.1,51.21,51.82,24.56,23.95,11000024.0,115028.0,115024.0,"Lower Renmark Group
",Clay,UNK,UNK,,Renmark Group,16036,
10076796.0,GW018512.1.1,0.0,3.66,78.0,74.34,11000014.0,104011.0,104010.0,Shepparton Formation,Clay,UNK,UNK,,Shepparton Formation,25474,
10076796.0,GW018512.1.1,3.66,13.11,74.34,64.89,11000014.0,104011.0,104010.0,Shepparton Formation,Clay,UNK,UNK,,Shepparton Formation,25474,
10076796.0,GW018512.1.1,13.11,16.15,64.89,61.85,11000014.0,104011.0,104010.0,Shepparton Formation,Clay,UNK,UNK,,Shepparton Formation,25474,
10076796.0,GW018512.1.1,16.15,19.51,61.85,58.49,11000023.0,110007.0,110008.0,"Loxton Parilla Sand
",Sand,UNK,UNK,,Loxton Sand,10825,
10076796.0,GW018512.1.1,16.15,19.51,61.85,58.49,11000023.0,110007.0,110008.0,Renmark Group,Sand,UNK,UNK,,Renmark Group,16036,
10076796.0,GW018512.1.1,19.51,28.35,58.49,49.65,11000023.0,110007.0,110008.0,"Loxton Parilla Sand
",Clay,UNK,UNK,,Loxton Sand,10825,
10076796.0,GW018512.1.1,19.51,28.35,58.49,49.65,11000023.0,110007.0,110008.0,Renmark Group,Clay,UNK,UNK,,Renmark Group,16036,
10076796.0,GW018512.1.1,28.35,29.26,49.65,48.74,11000023.0,110007.0,110008.0,"Loxton Parilla Sand
",Clay,UNK,UNK,,Loxton Sand,10825,
10076796.0,GW018512.1.1,28.35,29.26,49.65,48.74,11000023.0,110007.0,110008.0,Renmark Group,Clay,UNK,UNK,,Renmark Group,16036,
10076796.0,GW018512.1.1,29.26,42.98,48.74,35.02,11000023.0,110007.0,110008.0,"Loxton Parilla Sand
",Sandstone,UNK,UNK,,Loxton Sand,10825,
10076796.0,GW018512.1.1,29.26,42.98,48.74,35.02,11000023.0,110007.0,110008.0,Renmark Group,Sandstone,UNK,UNK,,Renmark Group,16036,
10076796.0,GW018512.1.1,42.98,59.74,35.02,18.26,11000023.0,110007.0,110008.0,"Loxton Parilla Sand
",Invalid Code,UNK,UNK,,Loxton Sand,10825,
10076796.0,GW018512.1.1,42.98,59.74,35.02,18.26,11000023.0,110007.0,110008.0,Renmark Group,Invalid Code,UNK,UNK,,Renmark Group,16036,
10076796.0,GW018512.1.1,59.74,79.25,18.26,-1.25,11000024.0,115028.0,115024.0,"Lower Renmark Group
",Shale,UNK,UNK,,Renmark Group,16036,
10076796.0,GW018512.1.1,79.25,126.8,-1.25,-48.8,11000024.0,115028.0,115024.0,"Lower Renmark Group
",Sandstone,UNK,UNK,,Renmark Group,16036,
10078005.0,GW022667.1.1,0.0,0.61,71.82,71.21,11000014.0,104011.0,104010.0,Shepparton Formation,Soil,UNK,UNK,,Shepparton Formation,25474,
10078005.0,GW022667.1.1,0.61,12.8,71.21,59.02,11000014.0,104011.0,104010.0,Shepparton Formation,Clay,UNK,UNK,,Shepparton Formation,25474,
10078005.0,GW022667.1.1,12.8,13.72,59.02,58.1,11000014.0,104011.0,104010.0,Shepparton Formation,Silt,UNK,UNK,,Shepparton Formation,25474,
10078005.0,GW022667.1.1,13.72,24.38,58.1,47.44,11000016.0,105002.0,105002.0,"Blanchetown Clay
",Clay,UNK,UNK,,"Blanchetown Clay
",1918,
10078005.0,GW022667.1.1,24.38,38.1,47.44,33.72,11000016.0,105002.0,105002.0,"Blanchetown Clay
",Clay,UNK,UNK,,"Blanchetown Clay
",1918,
10078005.0,GW022667.1.1,38.1,41.15,33.72,30.67,11000016.0,105002.0,105002.0,"Blanchetown Clay
",Clay,UNK,UNK,,"Blanchetown Clay
",1918,
10078005.0,GW022667.1.1,41.15,46.63,30.67,25.19,11000023.0,110007.0,110008.0,"Loxton Parilla Sand
",Sand,UNK,UNK,,Loxton Sand,10825,
10078005.0,GW022667.1.1,41.15,46.63,30.67,25.19,11000023.0,110007.0,110008.0,Renmark Group,Sand,UNK,UNK,,Renmark Group,16036,
10079539.0,GW003671.1.1,0.0,9.14,72.0,62.86,11000014.0,104011.0,104010.0,Shepparton Formation,Clay,UNK,UNK,,Shepparton Formation,25474,
10079539.0,GW003671.1.1,9.14,24.69,62.86,47.31,11000014.0,104011.0,104010.0,Shepparton Formation,Clay,UNK,UNK,,Shepparton Formation,25474,
10079539.0,GW003671.1.1,24.69,36.88,47.31,35.12,11000023.0,110007.0,110008.0,"Loxton Parilla Sand
",Sand,UNK,UNK,,Loxton Sand,10825,
10079539.0,GW003671.1.1,24.69,36.88,47.31,35.12,11000023.0,110007.0,110008.0,Renmark Group,Sand,UNK,UNK,,Renmark Group,16036,
10079539.0,GW003671.1.1,36.88,39.62,35.12,32.38,11000023.0,110007.0,110008.0,"Loxton Parilla Sand
",Sand,UNK,UNK,,Loxton Sand,10825,
10079539.0,GW003671.1.1,36.88,39.62,35.12,32.38,11000023.0,110007.0,110008.0,Renmark Group,Sand,UNK,UNK,,Renmark Group,16036,
10079539.0,GW003671.1.1,39.62,40.23,32.38,31.77,11000023.0,110007.0,110008.0,"Loxton Parilla Sand
",Invalid Code,UNK,UNK,,Loxton Sand,10825,
10079539.0,GW003671.1.1,39.62,40.23,32.38,31.77,11000023.0,110007.0,110008.0,Renmark Group,Invalid Code,UNK,UNK,,Renmark Group,16036,
10079539.0,GW003671.1.1,40.23,44.2,31.77,27.8,11000023.0,110007.0,110008.0,"Loxton Parilla Sand
",Sand,UNK,UNK,,Loxton Sand,10825,
10079539.0,GW003671.1.1,40.23,44.2,31.77,27.8,11000023.0,110007.0,110008.0,Renmark Group,Sand,UNK,UNK,,Renmark Group,16036,
10079539.0,GW003671.1.1,44.2,48.77,27.8,23.23,11000023.0,110007.0,110008.0,"Loxton Parilla Sand
",Clay,UNK,UNK,,Loxton Sand,10825,
10079539.0,GW003671.1.1,44.2,48.77,27.8,23.23,11000023.0,110007.0,110008.0,Renmark Group,Clay,UNK,UNK,,Renmark Group,16036,
10079539.0,GW003671.1.1,48.77,63.09,23.23,8.91,11000023.0,110007.0,110008.0,"Loxton Parilla Sand
",Invalid Code,UNK,UNK,,Loxton Sand,10825,
10079539.0,GW003671.1.1,48.77,63.09,23.23,8.91,11000023.0,110007.0,110008.0,Renmark Group,Invalid Code,UNK,UNK,,Renmark Group,16036,
10079539.0,GW003671.1.1,63.09,63.4,8.91,8.6,11000023.0,110007.0,110008.0,"Loxton Parilla Sand
",Ironstone,UNK,UNK,,Loxton Sand,10825,
10079539.0,GW003671.1.1,63.09,63.4,8.91,8.6,11000023.0,110007.0,110008.0,Renmark Group,Ironstone,UNK,UNK,,Renmark Group,16036,
10079539.0,GW003671.1.1,63.4,71.63,8.6,0.37,11000023.0,110007.0,110008.0,"Loxton Parilla Sand
",Invalid Code,UNK,UNK,,Loxton Sand,10825,
10079539.0,GW003671.1.1,63.4,71.63,8.6,0.37,11000023.0,110007.0,110008.0,Renmark Group,Invalid Code,UNK,UNK,,Renmark Group,16036,
10079539.0,GW003671.1.1,71.63,75.59,0.37,-3.59,11000024.0,115028.0,115024.0,"Lower Renmark Group
",Shale,UNK,UNK,,Renmark Group,16036,
10079539.0,GW003671.1.1,75.59,76.2,-3.59,-4.2,11000024.0,115028.0,115024.0,"Lower Renmark Group
",Ironstone,UNK,UNK,,Renmark Group,16036,
10079539.0,GW003671.1.1,76.2,77.72,-4.2,-5.72,11000024.0,115028.0,115024.0,"Lower Renmark Group
",Shale,UNK,UNK,,Renmark Group,16036,
10079539.0,GW003671.1.1,77.72,79.55,-5.72,-7.55,11000024.0,115028.0,115024.0,"Lower Renmark Group
",Clay,UNK,UNK,,Renmark Group,16036,
10079539.0,GW003671.1.1,79.55,85.65,-7.55,-13.65,11000024.0,115028.0,115024.0,"Lower Renmark Group
",Shale,UNK,UNK,,Renmark Group,16036,
10079539.0,GW003671.1.1,85.65,86.56,-13.65,-14.56,11000024.0,115028.0,115024.0,"Lower Renmark Group
",Rock,UNK,UNK,,Renmark Group,16036,
10079539.0,GW003671.1.1,86.56,92.05,-14.56,-20.05,11000024.0,115028.0,115024.0,"Lower Renmark Group
",Shale,UNK,UNK,,Renmark Group,16036,
10079539.0,GW003671.1.1,92.05,92.66,-20.05,-20.66,11000024.0,115028.0,115024.0,"Lower Renmark Group
",Quartz,UNK,UNK,,Renmark Group,16036,
10079539.0,GW003671.1.1,92.66,93.27,-20.66,-21.27,11000024.0,115028.0,115024.0,"Lower Renmark Group
",Sandstone,UNK,UNK,,Renmark Group,16036,
10079539.0,GW003671.1.1,93.27,96.93,-21.27,-24.93,11000024.0,115028.0,115024.0,"Lower Renmark Group
",Sandstone,UNK,UNK,,Renmark Group,16036,
10083078.0,GW003241.1.1,0.0,6.1,93.0,86.9,11000014.0,104011.0,104010.0,Shepparton Formation,Clay,UNK,UNK,,Shepparton Formation,25474,
10083078.0,GW003241.1.1,6.1,20.73,86.9,72.27,11000014.0,104011.0,104010.0,Shepparton Formation,Clay,UNK,UNK,,Shepparton Formation,25474,
10083078.0,GW003241.1.1,20.73,51.21,72.27,41.79,11000014.0,104011.0,104010.0,Shepparton Formation,Clay,UNK,UNK,,Shepparton Formation,25474,
10083078.0,GW003241.1.1,51.21,59.74,41.79,33.26,11000015.0,109007.0,109007.0,Calivil Formation,Shale,UNK,UNK,,Calivil Formation,3322,
10083078.0,GW003241.1.1,59.74,91.74,33.26,1.26,11000015.0,109007.0,109007.0,Calivil Formation,Sand,UNK,UNK,,Calivil Formation,3322,
10083078.0,GW003241.1.1,91.74,114.6,1.26,-21.6,11000024.0,115028.0,115024.0,"Lower Renmark Group
",Clay,UNK,UNK,,Renmark Group,16036,
10083078.0,GW003241.1.1,114.6,118.87,-21.6,-25.87,11000024.0,115028.0,115024.0,"Lower Renmark Group
",(Unknown),UNK,UNK,,Renmark Group,16036,
10083078.0,GW003241.1.1,118.87,124.05,-25.87,-31.05,11000024.0,115028.0,115024.0,"Lower Renmark Group
",Sandstone,UNK,UNK,,Renmark Group,16036,
10083078.0,GW003241.1.1,124.05,143.87,-31.05,-50.87,11000010.0,133238.0,133270.0,"Lachlan Fold Belt - Undifferentiated
",Quartzite,UNK,UNK,,,-999999,
10083078.0,GW003241.1.1,143.87,161.54,-50.87,-68.54,11000010.0,133238.0,133270.0,"Lachlan Fold Belt - Undifferentiated
",Slate,UNK,UNK,,,-999999,
10083078.0,GW003241.1.1,161.54,173.74,-68.54,-80.74,11000010.0,133238.0,133270.0,"Lachlan Fold Belt - Undifferentiated
",Quartzite,UNK,UNK,,,-999999,
10086670.0,GW019121.1.1,0.0,0.3,73.0,72.7,11000018.0,100131.0,100003.0,"Quaternary alluvial, lacustrine and colluvial sediments

",Sand,UNK,UNK,,,-999999,
10086670.0,GW019121.1.1,0.3,6.1,72.7,66.9,11000018.0,100131.0,100003.0,"Quaternary alluvial, lacustrine and colluvial sediments

",Clay,UNK,UNK,,,-999999,
10086670.0,GW019121.1.1,6.1,10.36,66.9,62.64,11000018.0,100131.0,100003.0,"Quaternary alluvial, lacustrine and colluvial sediments

",,UNK,UNK,,,-999999,
10086670.0,GW019121.1.1,6.1,10.36,66.9,62.64,11000018.0,100131.0,100003.0,"Quaternary alluvial, lacustrine and colluvial sediments

",Clay,UNK,UNK,,,-999999,
10086670.0,GW019121.1.1,10.36,13.41,62.64,59.59,11000023.0,110007.0,110008.0,"Loxton Parilla Sand
",Sand,UNK,UNK,,Loxton Sand,10825,
10086670.0,GW019121.1.1,10.36,13.41,62.64,59.59,11000023.0,110007.0,110008.0,Renmark Group,Sand,UNK,UNK,,Renmark Group,16036,
10086670.0,GW019121.1.1,13.41,14.63,59.59,58.37,11000023.0,110007.0,110008.0,"Loxton Parilla Sand
",Clay,UNK,UNK,,Loxton Sand,10825,
10086670.0,GW019121.1.1,13.41,14.63,59.59,58.37,11000023.0,110007.0,110008.0,Renmark Group,Clay,UNK,UNK,,Renmark Group,16036,
10086670.0,GW019121.1.1,14.63,16.15,58.37,56.85,11000023.0,110007.0,110008.0,"Loxton Parilla Sand
",Sand,UNK,UNK,,Loxton Sand,10825,
10086670.0,GW019121.1.1,14.63,16.15,58.37,56.85,11000023.0,110007.0,110008.0,Renmark Group,Sand,UNK,UNK,,Renmark Group,16036,
10086670.0,GW019121.1.1,16.15,19.51,56.85,53.49,11000023.0,110007.0,110008.0,"Loxton Parilla Sand
",Clay,UNK,UNK,,Loxton Sand,10825,
10086670.0,GW019121.1.1,16.15,19.51,56.85,53.49,11000023.0,110007.0,110008.0,Renmark Group,Clay,UNK,UNK,,Renmark Group,16036,
10086670.0,GW019121.1.1,19.51,29.57,53.49,43.43,11000023.0,110007.0,110008.0,"Loxton Parilla Sand
",Sand,UNK,UNK,,Loxton Sand,10825,
10086670.0,GW019121.1.1,19.51,29.57,53.49,43.43,11000023.0,110007.0,110008.0,Renmark Group,Sand,UNK,UNK,,Renmark Group,16036,
10086670.0,GW019121.1.1,29.57,41.45,43.43,31.55,11000023.0,110007.0,110008.0,"Loxton Parilla Sand
",Sand,UNK,UNK,,Loxton Sand,10825,
10086670.0,GW019121.1.1,29.57,41.45,43.43,31.55,11000023.0,110007.0,110008.0,Renmark Group,Sand,UNK,UNK,,Renmark Group,16036,
10086670.0,GW019121.1.1,41.45,45.11,31.55,27.89,11000023.0,110007.0,110008.0,"Loxton Parilla Sand
",Sand,UNK,UNK,,Loxton Sand,10825,
10086670.0,GW019121.1.1,41.45,45.11,31.55,27.89,11000023.0,110007.0,110008.0,Renmark Group,Sand,UNK,UNK,,Renmark Group,16036,
10089672.0,GW010447.1.1,0.0,7.62,71.1,63.48,11000014.0,104011.0,104010.0,Shepparton Formation,Clay,UNK,UNK,,Shepparton Formation,25474,
10089672.0,GW010447.1.1,7.62,36.58,63.48,34.52,11000023.0,110007.0,110008.0,"Loxton Parilla Sand
",Sand,UNK,UNK,,Loxton Sand,10825,
10089672.0,GW010447.1.1,7.62,36.58,63.48,34.52,11000023.0,110007.0,110008.0,Renmark Group,Sand,UNK,UNK,,Renmark Group,16036,
10089672.0,GW010447.1.1,36.58,38.71,34.52,32.39,11000023.0,110007.0,110008.0,"Loxton Parilla Sand
",Clay,UNK,UNK,,Loxton Sand,10825,
10089672.0,GW010447.1.1,36.58,38.71,34.52,32.39,11000023.0,110007.0,110008.0,Renmark Group,Clay,UNK,UNK,,Renmark Group,16036,
10089672.0,GW010447.1.1,38.71,42.06,32.39,29.04,11000023.0,110007.0,110008.0,"Loxton Parilla Sand
",Sand,UNK,UNK,,Loxton Sand,10825,
10089672.0,GW010447.1.1,38.71,42.06,32.39,29.04,11000023.0,110007.0,110008.0,Renmark Group,Sand,UNK,UNK,,Renmark Group,16036,
10089961.0,GW003390.1.1,0.0,6.1,77.0,70.9,11000014.0,104011.0,104010.0,Shepparton Formation,Clay,UNK,UNK,,Shepparton Formation,25474,
10089961.0,GW003390.1.1,6.1,6.71,70.9,70.29,11000014.0,104011.0,104010.0,Shepparton Formation,Clay,UNK,UNK,,Shepparton Formation,25474,
10089961.0,GW003390.1.1,6.71,26.52,70.29,50.48,11000014.0,104011.0,104010.0,Shepparton Formation,Clay,UNK,UNK,,Shepparton Formation,25474,
10089961.0,GW003390.1.1,26.52,33.53,50.48,43.47,11000014.0,104011.0,104010.0,Shepparton Formation,Clay,UNK,UNK,,Shepparton Formation,25474,
10089961.0,GW003390.1.1,33.53,43.59,43.47,33.41,11000014.0,104011.0,104010.0,Shepparton Formation,Clay,UNK,UNK,,Shepparton Formation,25474,
10089961.0,GW003390.1.1,43.59,48.77,33.41,28.23,11000014.0,104011.0,104010.0,Shepparton Formation,Clay,UNK,UNK,,Shepparton Formation,25474,
10089961.0,GW003390.1.1,48.77,51.82,28.23,25.18,11000014.0,104011.0,104010.0,Shepparton Formation,(Unknown),UNK,UNK,,Shepparton Formation,25474,
10089961.0,GW003390.1.1,51.82,52.73,25.18,24.27,11000024.0,115028.0,115024.0,"Lower Renmark Group
",Sand,UNK,UNK,,Renmark Group,16036,
10089961.0,GW003390.1.1,52.73,60.96,24.27,16.04,11000024.0,115028.0,115024.0,"Lower Renmark Group
",Clay,UNK,UNK,,Renmark Group,16036,
10089961.0,GW003390.1.1,60.96,72.24,16.04,4.76,11000024.0,115028.0,115024.0,"Lower Renmark Group
",Clay,UNK,UNK,,Renmark Group,16036,
10089961.0,GW003390.1.1,72.24,80.47,4.76,-3.47,11000024.0,115028.0,115024.0,"Lower Renmark Group
",Sandstone,UNK,UNK,,Renmark Group,16036,
10089961.0,GW003390.1.1,80.47,80.77,-3.47,-3.77,11000024.0,115028.0,115024.0,"Lower Renmark Group
",Clay,UNK,UNK,,Renmark Group,16036,
10089961.0,GW003390.1.1,80.77,83.52,-3.77,-6.52,11000024.0,115028.0,115024.0,"Lower Renmark Group
",Sandstone,UNK,UNK,,Renmark Group,16036,
10089961.0,GW003390.1.1,83.52,86.26,-6.52,-9.26,11000024.0,115028.0,115024.0,"Lower Renmark Group
",Quartzite,UNK,UNK,,Renmark Group,16036,
10089961.0,GW003390.1.1,86.26,86.56,-9.26,-9.56,11000024.0,115028.0,115024.0,"Lower Renmark Group
",Clay,UNK,UNK,,Renmark Group,16036,
10089961.0,GW003390.1.1,86.56,87.48,-9.56,-10.48,11000024.0,115028.0,115024.0,"Lower Renmark Group
",Quartzite,UNK,UNK,,Renmark Group,16036,
10089961.0,GW003390.1.1,87.48,88.09,-10.48,-11.09,11000024.0,115028.0,115024.0,"Lower Renmark Group
",Clay,UNK,UNK,,Renmark Group,16036,
10091178.0,GW006683.1.1,0.0,3.35,73.0,69.65,11000014.0,104011.0,104010.0,Shepparton Formation,Kopi (Copi),UNK,UNK,,Shepparton Formation,25474,
10091178.0,GW006683.1.1,0.0,3.35,73.0,69.65,11000014.0,104011.0,104010.0,Shepparton Formation,Sand,UNK,UNK,,Shepparton Formation,25474,
10091178.0,GW006683.1.1,3.35,5.79,69.65,67.21,11000023.0,110007.0,110008.0,"Loxton Parilla Sand
",Sandstone,UNK,UNK,,Loxton Sand,10825,
10091178.0,GW006683.1.1,3.35,5.79,69.65,67.21,11000023.0,110007.0,110008.0,Renmark Group,Sandstone,UNK,UNK,,Renmark Group,16036,
10091178.0,GW006683.1.1,5.79,6.4,67.21,66.6,11000023.0,110007.0,110008.0,"Loxton Parilla Sand
",Sandstone,UNK,UNK,,Loxton Sand,10825,
10091178.0,GW006683.1.1,5.79,6.4,67.21,66.6,11000023.0,110007.0,110008.0,Renmark Group,Sandstone,UNK,UNK,,Renmark Group,16036,
10091178.0,GW006683.1.1,6.4,8.84,66.6,64.16,11000023.0,110007.0,110008.0,"Loxton Parilla Sand
",Clay,UNK,UNK,,Loxton Sand,10825,
10091178.0,GW006683.1.1,6.4,8.84,66.6,64.16,11000023.0,110007.0,110008.0,Renmark Group,Clay,UNK,UNK,,Renmark Group,16036,
10091178.0,GW006683.1.1,8.84,9.75,64.16,63.25,11000023.0,110007.0,110008.0,"Loxton Parilla Sand
",Clay,UNK,UNK,,Loxton Sand,10825,
10091178.0,GW006683.1.1,8.84,9.75,64.16,63.25,11000023.0,110007.0,110008.0,Renmark Group,Clay,UNK,UNK,,Renmark Group,16036,
10091178.0,GW006683.1.1,9.75,11.89,63.25,61.11,11000023.0,110007.0,110008.0,"Loxton Parilla Sand
",Clay,UNK,UNK,,Loxton Sand,10825,
10091178.0,GW006683.1.1,9.75,11.89,63.25,61.11,11000023.0,110007.0,110008.0,Renmark Group,Clay,UNK,UNK,,Renmark Group,16036,
10091178.0,GW006683.1.1,11.89,14.63,61.11,58.37,11000023.0,110007.0,110008.0,"Loxton Parilla Sand
",Clay,UNK,UNK,,Loxton Sand,10825,
10091178.0,GW006683.1.1,11.89,14.63,61.11,58.37,11000023.0,110007.0,110008.0,Renmark Group,Clay,UNK,UNK,,Renmark Group,16036,
10091178.0,GW006683.1.1,14.63,16.46,58.37,56.54,11000023.0,110007.0,110008.0,"Loxton Parilla Sand
",Clay,UNK,UNK,,Loxton Sand,10825,
10091178.0,GW006683.1.1,14.63,16.46,58.37,56.54,11000023.0,110007.0,110008.0,Renmark Group,Clay,UNK,UNK,,Renmark Group,16036,
10091178.0,GW006683.1.1,16.46,19.51,56.54,53.49,11000023.0,110007.0,110008.0,"Loxton Parilla Sand
",Sandstone,UNK,UNK,,Loxton Sand,10825,
10091178.0,GW006683.1.1,16.46,19.51,56.54,53.49,11000023.0,110007.0,110008.0,Renmark Group,Sandstone,UNK,UNK,,Renmark Group,16036,
10091178.0,GW006683.1.1,19.51,22.25,53.49,50.75,11000023.0,110007.0,110008.0,"Loxton Parilla Sand
",Clay,UNK,UNK,,Loxton Sand,10825,
10091178.0,GW006683.1.1,19.51,22.25,53.49,50.75,11000023.0,110007.0,110008.0,Renmark Group,Clay,UNK,UNK,,Renmark Group,16036,
10091178.0,GW006683.1.1,22.25,23.47,50.75,49.53,11000023.0,110007.0,110008.0,"Loxton Parilla Sand
",Clay,UNK,UNK,,Loxton Sand,10825,
10091178.0,GW006683.1.1,22.25,23.47,50.75,49.53,11000023.0,110007.0,110008.0,Renmark Group,Clay,UNK,UNK,,Renmark Group,16036,
10091178.0,GW006683.1.1,23.47,34.75,49.53,38.25,11000023.0,110007.0,110008.0,"Loxton Parilla Sand
",Clay,UNK,UNK,,Loxton Sand,10825,
10091178.0,GW006683.1.1,23.47,34.75,49.53,38.25,11000023.0,110007.0,110008.0,Renmark Group,Clay,UNK,UNK,,Renmark Group,16036,
10091178.0,GW006683.1.1,34.75,35.07,38.25,37.93,11000023.0,110007.0,110008.0,"Loxton Parilla Sand
",Sandstone,UNK,UNK,,Loxton Sand,10825,
10091178.0,GW006683.1.1,34.75,35.07,38.25,37.93,11000023.0,110007.0,110008.0,Renmark Group,Sandstone,UNK,UNK,,Renmark Group,16036,
10094051.0,GW010992.1.1,0.0,24.38,94.0,69.62,11000010.0,133238.0,133270.0,"Lachlan Fold Belt - Undifferentiated
",Sandstone,UNK,UNK,,,-999999,
10094051.0,GW010992.1.1,24.38,32.92,69.62,61.08,11000010.0,133238.0,133270.0,"Lachlan Fold Belt - Undifferentiated
",Clay,UNK,UNK,,,-999999,
10094051.0,GW010992.1.1,32.92,36.58,61.08,57.42,11000010.0,133238.0,133270.0,"Lachlan Fold Belt - Undifferentiated
",Sandstone,UNK,UNK,,,-999999,
10099093.0,GW003406.1.1,0.0,4.57,73.03,68.46,11000014.0,104011.0,104010.0,Shepparton Formation,Clay,UNK,UNK,,Shepparton Formation,25474,
10099093.0,GW003406.1.1,4.57,21.34,68.46,51.69,11000014.0,104011.0,104010.0,Shepparton Formation,Clay,UNK,UNK,,Shepparton Formation,25474,
10099093.0,GW003406.1.1,21.34,26.82,51.69,46.21,11000014.0,104011.0,104010.0,Shepparton Formation,Sand,UNK,UNK,,Shepparton Formation,25474,
10099093.0,GW003406.1.1,26.82,27.74,46.21,45.29,11000014.0,104011.0,104010.0,Shepparton Formation,Clay,UNK,UNK,,Shepparton Formation,25474,
10099093.0,GW003406.1.1,27.74,29.57,45.29,43.46,11000023.0,110007.0,110008.0,"Loxton Parilla Sand
",Sand,UNK,UNK,,Loxton Sand,10825,
10099093.0,GW003406.1.1,27.74,29.57,45.29,43.46,11000023.0,110007.0,110008.0,Renmark Group,Sand,UNK,UNK,,Renmark Group,16036,
10099093.0,GW003406.1.1,29.57,33.22,43.46,39.81,11000023.0,110007.0,110008.0,"Loxton Parilla Sand
",Sand,UNK,UNK,,Loxton Sand,10825,
10099093.0,GW003406.1.1,29.57,33.22,43.46,39.81,11000023.0,110007.0,110008.0,Renmark Group,Sand,UNK,UNK,,Renmark Group,16036,
10099093.0,GW003406.1.1,33.22,36.88,39.81,36.15,11000023.0,110007.0,110008.0,"Loxton Parilla Sand
",Sand,UNK,UNK,,Loxton Sand,10825,
10099093.0,GW003406.1.1,33.22,36.88,39.81,36.15,11000023.0,110007.0,110008.0,Renmark Group,Sand,UNK,UNK,,Renmark Group,16036,
10099093.0,GW003406.1.1,36.88,57.3,36.15,15.73,11000023.0,110007.0,110008.0,"Loxton Parilla Sand
",Clay,UNK,UNK,,Loxton Sand,10825,
10099093.0,GW003406.1.1,36.88,57.3,36.15,15.73,11000023.0,110007.0,110008.0,Renmark Group,Clay,UNK,UNK,,Renmark Group,16036,
10099093.0,GW003406.1.1,57.3,58.52,15.73,14.51,11000024.0,115028.0,115024.0,"Lower Renmark Group
",Sand,UNK,UNK,,Renmark Group,16036,
10104309.0,GW011333.1.1,0.0,8.84,71.0,62.16,11000014.0,104011.0,104010.0,Shepparton Formation,Clay,UNK,UNK,,Shepparton Formation,25474,
10104309.0,GW011333.1.1,8.84,12.19,62.16,58.81,11000014.0,104011.0,104010.0,Shepparton Formation,Sand,UNK,UNK,,Shepparton Formation,25474,
10104309.0,GW011333.1.1,12.19,12.8,58.81,58.2,11000014.0,104011.0,104010.0,Shepparton Formation,Clay,UNK,UNK,,Shepparton Formation,25474,
10104309.0,GW011333.1.1,12.8,13.41,58.2,57.59,11000014.0,104011.0,104010.0,Shepparton Formation,Clay,UNK,UNK,,Shepparton Formation,25474,
10104309.0,GW011333.1.1,13.41,14.33,57.59,56.67,11000014.0,104011.0,104010.0,Shepparton Formation,Clay,UNK,UNK,,Shepparton Formation,25474,
10104309.0,GW011333.1.1,14.33,28.04,56.67,42.96,11000014.0,104011.0,104010.0,Shepparton Formation,Clay,UNK,UNK,,Shepparton Formation,25474,
10104309.0,GW011333.1.1,28.04,29.57,42.96,41.43,11000016.0,105002.0,105002.0,"Blanchetown Clay
",Clay,UNK,UNK,,"Blanchetown Clay
",1918,
10104309.0,GW011333.1.1,29.57,45.72,41.43,25.28,11000016.0,105002.0,105002.0,"Blanchetown Clay
",Clay,UNK,UNK,,"Blanchetown Clay
",1918,
10104309.0,GW011333.1.1,45.72,56.39,25.28,14.61,11000023.0,110007.0,110008.0,"Loxton Parilla Sand
",Sand,UNK,UNK,,Loxton Sand,10825,
10104309.0,GW011333.1.1,45.72,56.39,25.28,14.61,11000023.0,110007.0,110008.0,Renmark Group,Sand,UNK,UNK,,Renmark Group,16036,
10108846.0,GW022463.1.1,0.0,1.83,69.78,67.95,11000014.0,104011.0,104010.0,Shepparton Formation,Soil,UNK,UNK,,Shepparton Formation,25474,
10108846.0,GW022463.1.1,1.83,12.19,67.95,57.59,11000014.0,104011.0,104010.0,Shepparton Formation,Clay,UNK,UNK,,Shepparton Formation,25474,
10108846.0,GW022463.1.1,12.19,28.35,57.59,41.43,11000014.0,104011.0,104010.0,Shepparton Formation,Clay,UNK,UNK,,Shepparton Formation,25474,
10108846.0,GW022463.1.1,28.35,71.93,41.43,-2.15,11000023.0,110007.0,110008.0,"Loxton Parilla Sand
",Sand,UNK,UNK,,Loxton Sand,10825,
10108846.0,GW022463.1.1,28.35,71.93,41.43,-2.15,11000023.0,110007.0,110008.0,Renmark Group,Sand,UNK,UNK,,Renmark Group,16036,
10108846.0,GW022463.1.1,71.93,94.79,-2.15,-25.01,11000024.0,115028.0,115024.0,"Lower Renmark Group
",Clay,UNK,UNK,,Renmark Group,16036,
10108846.0,GW022463.1.1,94.79,96.32,-25.01,-26.54,11000024.0,115028.0,115024.0,"Lower Renmark Group
",Sand,UNK,UNK,,Renmark Group,16036,
10114967.0,GW017726.1.1,0.0,0.61,70.72,70.11,11000014.0,104011.0,104010.0,Shepparton Formation,Soil,UNK,UNK,,Shepparton Formation,25474,
10114967.0,GW017726.1.1,0.61,4.57,70.11,66.15,11000014.0,104011.0,104010.0,Shepparton Formation,Clay,UNK,UNK,,Shepparton Formation,25474,
10114967.0,GW017726.1.1,4.57,6.1,66.15,64.62,11000014.0,104011.0,104010.0,Shepparton Formation,Sand,UNK,UNK,,Shepparton Formation,25474,
10114967.0,GW017726.1.1,6.1,10.97,64.62,59.75,11000014.0,104011.0,104010.0,Shepparton Formation,Clay,UNK,UNK,,Shepparton Formation,25474,
10114967.0,GW017726.1.1,10.97,12.8,59.75,57.92,11000014.0,104011.0,104010.0,Shepparton Formation,Sand,UNK,UNK,,Shepparton Formation,25474,
10114967.0,GW017726.1.1,12.8,16.15,57.92,54.57,11000016.0,105002.0,105002.0,"Blanchetown Clay
",Clay,UNK,UNK,,"Blanchetown Clay
",1918,
10114967.0,GW017726.1.1,16.15,30.78,54.57,39.94,11000016.0,105002.0,105002.0,"Blanchetown Clay
",Clay,UNK,UNK,,"Blanchetown Clay
",1918,
10114967.0,GW017726.1.1,30.78,32.92,39.94,37.8,11000016.0,105002.0,105002.0,"Blanchetown Clay
",Clay,UNK,UNK,,"Blanchetown Clay
",1918,
10114967.0,GW017726.1.1,32.92,35.36,37.8,35.36,11000023.0,110007.0,110008.0,"Loxton Parilla Sand
",Clay,UNK,UNK,,Loxton Sand,10825,
10114967.0,GW017726.1.1,32.92,35.36,37.8,35.36,11000023.0,110007.0,110008.0,Renmark Group,Clay,UNK,UNK,,Renmark Group,16036,
10114967.0,GW017726.1.1,35.36,36.58,35.36,34.14,11000023.0,110007.0,110008.0,"Loxton Parilla Sand
",Clay,UNK,UNK,,Loxton Sand,10825,
10114967.0,GW017726.1.1,35.36,36.58,35.36,34.14,11000023.0,110007.0,110008.0,Renmark Group,Clay,UNK,UNK,,Renmark Group,16036,
10117676.0,GW600007.1.1,0.0,1.0,75.28,74.28,11000018.0,100131.0,100003.0,"Quaternary alluvial, lacustrine and colluvial sediments

",,UNK,UNK,,,-999999,
10117676.0,GW600007.1.1,1.0,7.5,74.28,67.78,11000018.0,100131.0,100003.0,"Quaternary alluvial, lacustrine and colluvial sediments

",Invalid Code,UNK,UNK,,,-999999,
10117676.0,GW600007.1.1,7.5,10.5,67.78,64.78,11000018.0,100131.0,100003.0,"Quaternary alluvial, lacustrine and colluvial sediments

",Invalid Code,UNK,UNK,,,-999999,
10117676.0,GW600007.1.1,10.5,21.7,64.78,53.58,11000016.0,105002.0,105002.0,"Blanchetown Clay
",Gabbro,UNK,UNK,,"Blanchetown Clay
",1918,
10117676.0,GW600007.1.1,21.7,23.4,53.58,51.88,11000016.0,105002.0,105002.0,"Blanchetown Clay
",Gabbro,UNK,UNK,,"Blanchetown Clay
",1918,
10117676.0,GW600007.1.1,23.4,24.0,51.88,51.28,11000016.0,105002.0,105002.0,"Blanchetown Clay
",Gabbro,UNK,UNK,,"Blanchetown Clay
",1918,
10119558.0,GW600081.1.1,0.0,1.0,70.0,69.0,11000018.0,100131.0,100003.0,"Quaternary alluvial, lacustrine and colluvial sediments

",Topsoil,UNK,UNK,,,-999999,
10119558.0,GW600081.1.1,1.0,5.0,69.0,65.0,11000018.0,100131.0,100003.0,"Quaternary alluvial, lacustrine and colluvial sediments

",Clay,UNK,UNK,,,-999999,
10119558.0,GW600081.1.1,5.0,10.0,65.0,60.0,11000018.0,100131.0,100003.0,"Quaternary alluvial, lacustrine and colluvial sediments

",Sand,UNK,UNK,,,-999999,
10119558.0,GW600081.1.1,10.0,13.0,60.0,57.0,11000016.0,105002.0,105002.0,"Blanchetown Clay
",Clay,UNK,UNK,,"Blanchetown Clay
",1918,
10119558.0,GW600081.1.1,13.0,30.0,57.0,40.0,11000023.0,110007.0,110008.0,"Loxton Parilla Sand
",Sand,UNK,UNK,,Loxton Sand,10825,
10119558.0,GW600081.1.1,13.0,30.0,57.0,40.0,11000023.0,110007.0,110008.0,Renmark Group,Sand,UNK,UNK,,Renmark Group,16036,
10119558.0,GW600081.1.1,30.0,39.0,40.0,31.0,11000023.0,110007.0,110008.0,"Loxton Parilla Sand
",Sand,UNK,UNK,,Loxton Sand,10825,
10119558.0,GW600081.1.1,30.0,39.0,40.0,31.0,11000023.0,110007.0,110008.0,Renmark Group,Sand,UNK,UNK,,Renmark Group,16036,
10119558.0,GW600081.1.1,39.0,40.0,31.0,30.0,11000023.0,110007.0,110008.0,"Loxton Parilla Sand
",Clay,UNK,UNK,,Loxton Sand,10825,
10119558.0,GW600081.1.1,39.0,40.0,31.0,30.0,11000023.0,110007.0,110008.0,Renmark Group,Clay,UNK,UNK,,Renmark Group,16036,
10119710.0,GW804172.1.1,0.0,31.5,129.0,97.5,-19999999.0,-9999.0,-9999.0,Unknown,"Quarternary. aeolian sand, clay, limonite bands",MR & D,DC,,,-999999,
10119710.0,GW804172.1.1,31.5,32.8,97.5,96.2,-19999999.0,-9999.0,-9999.0,Unknown,Tertiary. silcrete.,MR & D,DC,,,-999999,
10119710.0,GW804172.1.1,32.8,132.2,96.2,-3.2,-19999999.0,-9999.0,-9999.0,Unknown,"Cretaceous. wallumbilla formation - coreena mbr. claystone, mudstone.",MR & D,DC,,,-999999,
10119710.0,GW804172.1.1,132.2,294.0,-3.2,-165.0,-19999999.0,-9999.0,-9999.0,Unknown,"Cretaceous. wallumbilla formation - doncaster mbr. dark grey carbonaceous claystone, mudstone.",MR & D,DC,,,-999999,
10119710.0,GW804172.1.1,294.0,332.3,-165.0,-203.3,-19999999.0,-9999.0,-9999.0,Unknown,Cretaceous. cadna-owie formation. clayey sandstone & siltstone.,MR & D,DC,,,-999999,
10119710.0,GW804172.1.1,332.3,394.9,-203.3,-265.9,-19999999.0,-9999.0,-9999.0,Unknown,Cretaceous/jurassic. hooray sandstone. sandstone & unconsolidated sand with coarse cobbles.,MR & D,DC,,,-999999,
10119710.0,GW804172.1.1,394.9,408.0,-265.9,-279.0,-19999999.0,-9999.0,-9999.0,Unknown,Lower palaeozoic. metamorphic basement. white highly weathered soft kaolinite at the unconformity with minor milky quartz fragments.,MR & D,DC,,,-999999,
10119710.0,GW804172.1.1,408.0,425.8,-279.0,-296.8,-19999999.0,-9999.0,-9999.0,Unknown,Dark green to grey metasediments (chloritic phyllite) - showing quartz veining - highly fractured in places.,MR & D,DC,,,-999999,
10120364.0,GW098200.1.1,0.0,8.0,102.24,94.24,-19999999.0,-9999.0,-9999.0,Unknown,Narrabri formation.,DWE,DU,,,-999999,
10120364.0,GW098200.1.1,8.0,17.0,94.24,85.24,-19999999.0,-9999.0,-9999.0,Unknown,Mesozoic.,DWE,DU,,,-999999,
10125383.0,GW098197.2.2,0.0,77.0,101.06,24.06,-19999999.0,-9999.0,-9999.0,Unknown,Unknown.,DWE,DU,,,-999999,
10125383.0,GW098197.2.2,77.0,82.0,24.06,19.06,-19999999.0,-9999.0,-9999.0,Unknown,Mesozoic.,DWE,DU,,,-999999,
10125619.0,GW098196.1.1,0.0,17.0,101.25,84.25,-19999999.0,-9999.0,-9999.0,Unknown,Narrabri formation.,DWE,DU,,,-999999,
10125619.0,GW098196.1.1,17.0,40.0,84.25,61.25,-19999999.0,-9999.0,-9999.0,Unknown,Gunnedah formation.,DWE,DU,,,-999999,
10125619.0,GW098196.1.1,40.0,65.0,61.25,36.25,-19999999.0,-9999.0,-9999.0,Unknown,Cubbaroo formation.,DWE,DU,,,-999999,
10125619.0,GW098196.1.1,65.0,74.0,36.25,27.25,-19999999.0,-9999.0,-9999.0,Unknown,Mesozoic.,DWE,DU,,,-999999,
10127504.0,GW600082.1.1,0.0,1.0,71.0,70.0,11000018.0,100131.0,100003.0,"Quaternary alluvial, lacustrine and colluvial sediments

",(Unknown),UNK,UNK,,,-999999,
10127504.0,GW600082.1.1,1.0,18.0,70.0,53.0,11000018.0,100131.0,100003.0,"Quaternary alluvial, lacustrine and colluvial sediments

",Invalid Code,UNK,UNK,,,-999999,
10127504.0,GW600082.1.1,18.0,39.0,53.0,32.0,11000023.0,110007.0,110008.0,"Loxton Parilla Sand
",Sand,UNK,UNK,,Loxton Sand,10825,
10127504.0,GW600082.1.1,18.0,39.0,53.0,32.0,11000023.0,110007.0,110008.0,Renmark Group,Sand,UNK,UNK,,Renmark Group,16036,
10128528.0,GW034666.1.1,0.0,22.86,73.0,50.14,11000018.0,100131.0,100003.0,"Quaternary alluvial, lacustrine and colluvial sediments

",Clay,UNK,UNK,,,-999999,
10128528.0,GW034666.1.1,22.86,26.51,50.14,46.49,11000016.0,105002.0,105002.0,"Blanchetown Clay
",Clay,UNK,UNK,,"Blanchetown Clay
",1918,
10128528.0,GW034666.1.1,26.51,37.18,46.49,35.82,11000023.0,110007.0,110008.0,"Loxton Parilla Sand
",Clay,UNK,UNK,,Loxton Sand,10825,
10128528.0,GW034666.1.1,26.51,37.18,46.49,35.82,11000023.0,110007.0,110008.0,Renmark Group,Clay,UNK,UNK,,Renmark Group,16036,
10128528.0,GW034666.1.1,37.18,42.36,35.82,30.64,11000023.0,110007.0,110008.0,"Loxton Parilla Sand
",Sand,UNK,UNK,,Loxton Sand,10825,
10128528.0,GW034666.1.1,37.18,42.36,35.82,30.64,11000023.0,110007.0,110008.0,Renmark Group,Sand,UNK,UNK,,Renmark Group,16036,
10128660.0,GW033354.1.1,0.0,3.05,73.0,69.95,11000014.0,104011.0,104010.0,Shepparton Formation,Clay,UNK,UNK,,Shepparton Formation,25474,
10128660.0,GW033354.1.1,3.05,9.14,69.95,63.86,11000014.0,104011.0,104010.0,Shepparton Formation,Clay,UNK,UNK,,Shepparton Formation,25474,
10128660.0,GW033354.1.1,9.14,18.29,63.86,54.71,11000014.0,104011.0,104010.0,Shepparton Formation,Clay,UNK,UNK,,Shepparton Formation,25474,
10128660.0,GW033354.1.1,18.29,21.64,54.71,51.36,11000014.0,104011.0,104010.0,Shepparton Formation,Clay,UNK,UNK,,Shepparton Formation,25474,
10128660.0,GW033354.1.1,21.64,22.86,51.36,50.14,11000014.0,104011.0,104010.0,Shepparton Formation,Clay,UNK,UNK,,Shepparton Formation,25474,
10128660.0,GW033354.1.1,22.86,23.77,50.14,49.23,11000023.0,110007.0,110008.0,"Loxton Parilla Sand
",Sand,UNK,UNK,,Loxton Sand,10825,
10128660.0,GW033354.1.1,22.86,23.77,50.14,49.23,11000023.0,110007.0,110008.0,Renmark Group,Sand,UNK,UNK,,Renmark Group,16036,
10128660.0,GW033354.1.1,23.77,24.38,49.23,48.62,11000023.0,110007.0,110008.0,"Loxton Parilla Sand
",Clay,UNK,UNK,,Loxton Sand,10825,
10128660.0,GW033354.1.1,23.77,24.38,49.23,48.62,11000023.0,110007.0,110008.0,Renmark Group,Clay,UNK,UNK,,Renmark Group,16036,
10128946.0,GW098201.1.1,0.0,40.0,100.88,60.88,-19999999.0,-9999.0,-9999.0,Unknown,Narrabri formation.,DWE,DU,,,-999999,
10128946.0,GW098201.1.1,40.0,117.0,60.88,-16.12,-19999999.0,-9999.0,-9999.0,Unknown,Mesozoic.,DWE,DU,,,-999999,
10135181.0,GW036807.1.1,0.0,1.0,73.79,72.79,11000014.0,104011.0,104010.0,Shepparton Formation,Topsoil,UNK,UNK,,Shepparton Formation,25474,
10135181.0,GW036807.1.1,1.0,5.0,72.79,68.79,11000014.0,104011.0,104010.0,Shepparton Formation,Clay,UNK,UNK,,Shepparton Formation,25474,
10135181.0,GW036807.1.1,5.0,12.0,68.79,61.79,11000014.0,104011.0,104010.0,Shepparton Formation,Clay,UNK,UNK,,Shepparton Formation,25474,
10135181.0,GW036807.1.1,12.0,14.0,61.79,59.79,11000014.0,104011.0,104010.0,Shepparton Formation,Clay,UNK,UNK,,Shepparton Formation,25474,
10135181.0,GW036807.1.1,14.0,45.0,59.79,28.79,11000016.0,105002.0,105002.0,"Blanchetown Clay
",Clay,UNK,UNK,,"Blanchetown Clay
",1918,
10135181.0,GW036807.1.1,45.0,52.0,28.79,21.79,11000023.0,110007.0,110008.0,"Loxton Parilla Sand
",Clay,UNK,UNK,,Loxton Sand,10825,
10135181.0,GW036807.1.1,45.0,52.0,28.79,21.79,11000023.0,110007.0,110008.0,Renmark Group,Clay,UNK,UNK,,Renmark Group,16036,
10135181.0,GW036807.1.1,52.0,56.0,21.79,17.79,11000023.0,110007.0,110008.0,"Loxton Parilla Sand
",Sand,UNK,UNK,,Loxton Sand,10825,
10135181.0,GW036807.1.1,52.0,56.0,21.79,17.79,11000023.0,110007.0,110008.0,Renmark Group,Sand,UNK,UNK,,Renmark Group,16036,
10135181.0,GW036807.1.1,56.0,64.0,17.79,9.79,11000023.0,110007.0,110008.0,"Loxton Parilla Sand
",Clay,UNK,UNK,,Loxton Sand,10825,
10135181.0,GW036807.1.1,56.0,64.0,17.79,9.79,11000023.0,110007.0,110008.0,Renmark Group,Clay,UNK,UNK,,Renmark Group,16036,
10135181.0,GW036807.1.1,64.0,82.0,9.79,-8.21,11000024.0,115028.0,115024.0,"Lower Renmark Group
",Clay,UNK,UNK,,Renmark Group,16036,
10135181.0,GW036807.1.1,82.0,92.0,-8.21,-18.21,11000024.0,115028.0,115024.0,"Lower Renmark Group
",Clay,UNK,UNK,,Renmark Group,16036,
10135181.0,GW036807.1.1,92.0,99.0,-18.21,-25.21,11000024.0,115028.0,115024.0,"Lower Renmark Group
",Sandstone,UNK,UNK,,Renmark Group,16036,
10135181.0,GW036807.1.1,99.0,105.0,-25.21,-31.21,11000024.0,115028.0,115024.0,"Lower Renmark Group
",Clay,UNK,UNK,,Renmark Group,16036,
10135181.0,GW036807.1.1,105.0,142.0,-31.21,-68.21,11000024.0,115028.0,115024.0,"Lower Renmark Group
",Clay,UNK,UNK,,Renmark Group,16036,
10135181.0,GW036807.1.1,142.0,152.0,-68.21,-78.21,11000010.0,133238.0,133270.0,"Lachlan Fold Belt - Undifferentiated
",Rock,UNK,UNK,,,-999999,
10140006.0,GW088212.1.1,0.0,0.5,100.22,99.72,-19999999.0,-9999.0,-9999.0,Unknown,,Mark Mitchell,DL,,,-999999,
10140006.0,GW088212.1.1,0.5,6.0,99.72,94.22,-19999999.0,-9999.0,-9999.0,Unknown,,Mark Mitchell,DL,,,-999999,
10140006.0,GW088212.1.1,6.0,13.5,94.22,86.72,-19999999.0,-9999.0,-9999.0,Unknown,,Mark Mitchell,DL,,,-999999,
10145057.0,GW098199.2.2,0.0,111.0,101.15,-9.85,-19999999.0,-9999.0,-9999.0,Unknown,Unknown,DWE,DU,,,-999999,
10145057.0,GW098199.2.2,111.0,112.0,-9.85,-10.85,-19999999.0,-9999.0,-9999.0,Unknown,Mesozoic.,DWE,DU,,,-999999,
10145445.0,GW036806.1.1,0.0,1.0,75.42,74.42,11000018.0,100131.0,100003.0,"Quaternary alluvial, lacustrine and colluvial sediments

",Topsoil,UNK,UNK,,,-999999,
10145445.0,GW036806.1.1,1.0,7.0,74.42,68.42,11000018.0,100131.0,100003.0,"Quaternary alluvial, lacustrine and colluvial sediments

",Clay,UNK,UNK,,,-999999,
10145445.0,GW036806.1.1,7.0,29.0,68.42,46.42,11000018.0,100131.0,100003.0,"Quaternary alluvial, lacustrine and colluvial sediments

",Clay,UNK,UNK,,,-999999,
10145445.0,GW036806.1.1,29.0,34.0,46.42,41.42,11000023.0,110007.0,110008.0,"Loxton Parilla Sand
",Sand,UNK,UNK,,Loxton Sand,10825,
10145445.0,GW036806.1.1,29.0,34.0,46.42,41.42,11000023.0,110007.0,110008.0,Renmark Group,Sand,UNK,UNK,,Renmark Group,16036,
10145445.0,GW036806.1.1,34.0,46.0,41.42,29.42,11000023.0,110007.0,110008.0,"Loxton Parilla Sand
",Sand,UNK,UNK,,Loxton Sand,10825,
10145445.0,GW036806.1.1,34.0,46.0,41.42,29.42,11000023.0,110007.0,110008.0,Renmark Group,Sand,UNK,UNK,,Renmark Group,16036,
10145445.0,GW036806.1.1,46.0,52.0,29.42,23.42,11000023.0,110007.0,110008.0,"Loxton Parilla Sand
",Sand,UNK,UNK,,Loxton Sand,10825,
10145445.0,GW036806.1.1,46.0,52.0,29.42,23.42,11000023.0,110007.0,110008.0,Renmark Group,Sand,UNK,UNK,,Renmark Group,16036,
10145445.0,GW036806.1.1,52.0,59.0,23.42,16.42,11000023.0,110007.0,110008.0,"Loxton Parilla Sand
",Clay,UNK,UNK,,Loxton Sand,10825,
10145445.0,GW036806.1.1,52.0,59.0,23.42,16.42,11000023.0,110007.0,110008.0,Renmark Group,Clay,UNK,UNK,,Renmark Group,16036,
10145445.0,GW036806.1.1,59.0,61.0,16.42,14.42,11000023.0,110007.0,110008.0,"Loxton Parilla Sand
",Sand,UNK,UNK,,Loxton Sand,10825,
10145445.0,GW036806.1.1,59.0,61.0,16.42,14.42,11000023.0,110007.0,110008.0,Renmark Group,Sand,UNK,UNK,,Renmark Group,16036,
10145445.0,GW036806.1.1,61.0,62.0,14.42,13.42,11000023.0,110007.0,110008.0,"Loxton Parilla Sand
",Clay,UNK,UNK,,Loxton Sand,10825,
10145445.0,GW036806.1.1,61.0,62.0,14.42,13.42,11000023.0,110007.0,110008.0,Renmark Group,Clay,UNK,UNK,,Renmark Group,16036,
10145445.0,GW036806.1.1,62.0,70.0,13.42,5.42,11000023.0,110007.0,110008.0,"Loxton Parilla Sand
",Clay,UNK,UNK,,Loxton Sand,10825,
10145445.0,GW036806.1.1,62.0,70.0,13.42,5.42,11000023.0,110007.0,110008.0,Renmark Group,Clay,UNK,UNK,,Renmark Group,16036,
10145445.0,GW036806.1.1,70.0,75.0,5.42,0.42,11000023.0,110007.0,110008.0,"Loxton Parilla Sand
",Sand,UNK,UNK,,Loxton Sand,10825,
10145445.0,GW036806.1.1,70.0,75.0,5.42,0.42,11000023.0,110007.0,110008.0,Renmark Group,Sand,UNK,UNK,,Renmark Group,16036,
10145445.0,GW036806.1.1,75.0,76.0,0.42,-0.58,11000010.0,133238.0,133270.0,"Lachlan Fold Belt - Undifferentiated
",Rock,UNK,UNK,,,-999999,
10145445.0,GW036806.1.1,76.0,78.0,-0.58,-2.58,11000010.0,133238.0,133270.0,"Lachlan Fold Belt - Undifferentiated
",Sandstone,UNK,UNK,,,-999999,
10145445.0,GW036806.1.1,78.0,90.0,-2.58,-14.58,11000010.0,133238.0,133270.0,"Lachlan Fold Belt - Undifferentiated
",(Unknown),UNK,UNK,,,-999999,
10145445.0,GW036806.1.1,90.0,115.0,-14.58,-39.58,11000010.0,133238.0,133270.0,"Lachlan Fold Belt - Undifferentiated
",(Unknown),UNK,UNK,,,-999999,
10145445.0,GW036806.1.1,115.0,116.0,-39.58,-40.58,11000010.0,133238.0,133270.0,"Lachlan Fold Belt - Undifferentiated
",Bedrock,UNK,UNK,,,-999999,
10145445.0,GW036806.1.1,116.0,117.0,-40.58,-41.58,11000010.0,133238.0,133270.0,"Lachlan Fold Belt - Undifferentiated
",(Unknown),UNK,UNK,,,-999999,
10146089.0,GW098195.1.1,0.0,15.0,101.93,86.93,-19999999.0,-9999.0,-9999.0,Unknown,Narrabri formation.,DWE,DU,,,-999999,
10146089.0,GW098195.1.1,15.0,34.0,86.93,67.93,-19999999.0,-9999.0,-9999.0,Unknown,Gunnedah formation.,DWE,DU,,,-999999,
10146089.0,GW098195.1.1,34.0,39.0,67.93,62.93,-19999999.0,-9999.0,-9999.0,Unknown,Cubbaroo formation.,DWE,DU,,,-999999,
10146089.0,GW098195.1.1,39.0,42.0,62.93,59.93,-19999999.0,-9999.0,-9999.0,Unknown,Mesozoic.,DWE,DU,,,-999999,
10146090.0,GW098198.1.1,0.0,5.0,101.61,96.61,-19999999.0,-9999.0,-9999.0,Unknown,Narrabri formation.,DWE,DU,,,-999999,
10146090.0,GW098198.1.1,5.0,17.0,96.61,84.61,-19999999.0,-9999.0,-9999.0,Unknown,Mesozoic.,DWE,DU,,,-999999,
40004926.0,4645,0.0,,147.56,,41000169.0,1168.0,119001.0,Undifferentiated Tertiary sediments,TERTIARY SEDIMENTS,UNK,QLD DNRME GWDB - DNR,,,-999999,
40004926.0,4645,,65.5,,82.06,-49999999.0,-9999.0,-9999.0,Unknown,COREENA MEMBER,UNK,QLD DNRME GWDB - DNR,,,-999999,
40005648.0,7114A,0.0,94.8,135.1,40.3,-49999999.0,-9999.0,-9999.0,Unknown,QUATERNARY*TERTIARY,UNK,QLD DNRME GWDB - DNR,,,-999999,
40027463.0,4648A,0.0,,140.33,,-49999999.0,-9999.0,-9999.0,Unknown,QUATERNARY*TERTIARY,UNK,QLD DNRME GWDB - DNR,,,-999999,
40027463.0,4648A,,106.7,,33.63,-49999999.0,-9999.0,-9999.0,Unknown,WYANDRA SANDSTONE MEMBER,UNK,QLD DNRME GWDB - DNR,,,-999999,
40042447.0,4644A,0.0,,147.56,,41000169.0,1168.0,119001.0,Undifferentiated Tertiary sediments,TERTIARY SEDIMENTS,UNK,QLD DNRME GWDB - DNR,,,-999999,
40042447.0,4644A,,76.2,,71.36,-49999999.0,-9999.0,-9999.0,Unknown,COREENA MEMBER,UNK,QLD DNRME GWDB - DNR,,,-999999,
40047977.0,5690,0.0,30.5,132.92,102.42,-49999999.0,-9999.0,-9999.0,Unknown,QUATERNARY*TERTIARY,UNK,QLD DNRME GWDB - DNR,,,-999999,
40090280.0,4516,0.0,,143.6,,-49999999.0,-9999.0,-9999.0,Unknown,QUATERNARY*TERTIARY,UNK,QLD DNRME GWDB - DNR,,,-999999,
40090280.0,4516,,496.8,,-353.2,-49999999.0,-9999.0,-9999.0,Unknown,HOORAY SANDSTONE,UNK,QLD DNRME GWDB - DNR,,,-999999,
40095561.0,7105A,0.0,,132.65,,-49999999.0,-9999.0,-9999.0,Unknown,QUATERNARY*TERTIARY,UNK,QLD DNRME GWDB - DNR,,,-999999,
40095561.0,7105A,,242.6,,-109.95,-49999999.0,-9999.0,-9999.0,Unknown,COREENA MEMBER,UNK,QLD DNRME GWDB - DNR,,,-999999,
40106874.0,5689,0.0,7.3,141.16,133.86,41000169.0,1168.0,119001.0,Undifferentiated Tertiary sediments,TERTIARY SEDIMENTS,UNK,QLD DNRME GWDB - DNR,,,-999999,
40123058.0,10979A,0.0,,143.7,,-49999999.0,-9999.0,-9999.0,Unknown,QUATERNARY*TERTIARY,UNK,QLD DNRME GWDB - DNR,,,-999999,
40123058.0,10979A,,169.2,,-25.5,-49999999.0,-9999.0,-9999.0,Unknown,DONCASTER MEMBER,UNK,QLD DNRME GWDB - DNR,,,-999999,
40123659.0,10978,0.0,,140.8,,-49999999.0,-9999.0,-9999.0,Unknown,QUATERNARY*TERTIARY,UNK,QLD DNRME GWDB - DNR,,,-999999,
40123659.0,10978,,135.3,,5.5,-49999999.0,-9999.0,-9999.0,Unknown,WALLUMBILLA FORMATION,UNK,QLD DNRME GWDB - DNR,,,-999999,
40132454.0,4647A,0.0,,136.62,,-49999999.0,-9999.0,-9999.0,Unknown,QUATERNARY*TERTIARY,UNK,QLD DNRME GWDB - DNR,,,-999999,
40132454.0,4647A,150.6,167.3,-13.98,-30.68,-49999999.0,-9999.0,-9999.0,Unknown,DONCASTER MEMBER,UNK,QLD DNRME GWDB - DNR,,,-999999,
40132454.0,4647A,,150.6,,-13.98,-49999999.0,-9999.0,-9999.0,Unknown,COREENA MEMBER,UNK,QLD DNRME GWDB - DNR,,,-999999,
40135252.0,4643A,0.0,,137.2,,-49999999.0,-9999.0,-9999.0,Unknown,QUATERNARY*TERTIARY,UNK,QLD DNRME GWDB - DNR,,,-999999,
40135252.0,4643A,,76.2,,61.0,-49999999.0,-9999.0,-9999.0,Unknown,COREENA MEMBER,UNK,QLD DNRME GWDB - DNR,,,-999999,
40136062.0,12472A,0.0,24.4,145.7,121.3,-49999999.0,-9999.0,-9999.0,Unknown,QUATERNARY*TERTIARY,UNK,QLD DNRME GWDB - DNR,,,-999999,
40136062.0,12472A,24.4,,121.3,,-49999999.0,-9999.0,-9999.0,Unknown,COREENA MEMBER,UNK,QLD DNRME GWDB - DNR,,,-999999,
40136062.0,12472A,,345.9,,-200.2,-49999999.0,-9999.0,-9999.0,Unknown,WYANDRA SANDSTONE MEMBER,UNK,QLD DNRME GWDB - DNR,,,-999999,
40137229.0,4521A,0.0,,140.6,,-49999999.0,-9999.0,-9999.0,Unknown,QUATERNARY*TERTIARY,UNK,QLD DNRME GWDB - DNR,,,-999999,
40137229.0,4521A,,513.6,,-373.0,-49999999.0,-9999.0,-9999.0,Unknown,HOORAY SANDSTONE,UNK,QLD DNRME GWDB - DNR,,,-999999,
40137532.0,7080A,0.0,,135.27,,-49999999.0,-9999.0,-9999.0,Unknown,QUATERNARY*TERTIARY,UNK,QLD DNRME GWDB - DNR,,,-999999,
40137532.0,7080A,,245.4,,-110.13,-49999999.0,-9999.0,-9999.0,Unknown,COREENA MEMBER,UNK,QLD DNRME GWDB - DNR,,,-999999,
40140599.0,4649A,0.0,,141.25,,-49999999.0,-9999.0,-9999.0,Unknown,QUATERNARY*TERTIARY,UNK,QLD DNRME GWDB - DNR,,,-999999,
40140599.0,4649A,,145.7,,-4.45,-49999999.0,-9999.0,-9999.0,Unknown,COREENA MEMBER,UNK,QLD DNRME GWDB - DNR,,,-999999,
40141179.0,4525A,0.0,,146.0,,-49999999.0,-9999.0,-9999.0,Unknown,QUATERNARY*TERTIARY,UNK,QLD DNRME GWDB - DNR,,,-999999,
40141179.0,4525A,,495.6,,-349.6,-49999999.0,-9999.0,-9999.0,Unknown,HOORAY SANDSTONE,UNK,QLD DNRME GWDB - DNR,,,-999999,
40141615.0,18194A,0.0,,140.56,,-49999999.0,-9999.0,-9999.0,Unknown,ALLUVIUM,UNK,QLD DNRME GWDB - DNR,,,-999999,
40141615.0,18194A,,496.8,,-356.24,-49999999.0,-9999.0,-9999.0,Unknown,HOORAY SANDSTONE,UNK,QLD DNRME GWDB - DNR,,,-999999,
40141857.0,4640A,0.0,,132.26,,-49999999.0,-9999.0,-9999.0,Unknown,QUATERNARY*TERTIARY,UNK,QLD DNRME GWDB - DNR,,,-999999,
40141857.0,4640A,,533.4,,-401.14,-49999999.0,-9999.0,-9999.0,Unknown,WYANDRA SANDSTONE MEMBER,UNK,QLD DNRME GWDB - DNR,,,-999999,
40142426.0,6963A,0.0,,133.02,,-49999999.0,-9999.0,-9999.0,Unknown,QUATERNARY*TERTIARY,UNK,QLD DNRME GWDB - DNR,,,-999999,
40142426.0,6963A,,396.2,,-263.18,-49999999.0,-9999.0,-9999.0,Unknown,WYANDRA SANDSTONE MEMBER,UNK,QLD DNRME GWDB - DNR,,,-999999,
40142449.0,4642A,0.0,,137.2,,-49999999.0,-9999.0,-9999.0,Unknown,QUATERNARY*TERTIARY,UNK,QLD DNRME GWDB - DNR,,,-999999,
40142449.0,4642A,,74.4,,62.8,-49999999.0,-9999.0,-9999.0,Unknown,COREENA MEMBER,UNK,QLD DNRME GWDB - DNR,,,-999999,
40143307.0,12104A,0.0,10.7,147.21,136.51,-49999999.0,-9999.0,-9999.0,Unknown,ALLUVIUM,UNK,QLD DNRME GWDB - DNR,,,-999999,
40143307.0,12104A,10.7,28.0,136.51,119.21,41000169.0,1168.0,119001.0,Undifferentiated Tertiary sediments,TERTIARY SEDIMENTS,UNK,QLD DNRME GWDB - DNR,,,-999999,
40143307.0,12104A,28.0,,119.21,,-49999999.0,-9999.0,-9999.0,Unknown,COREENA MEMBER,UNK,QLD DNRME GWDB - DNR,,,-999999,
40143307.0,12104A,359.7,,-212.49,,-49999999.0,-9999.0,-9999.0,Unknown,WYANDRA SANDSTONE MEMBER,UNK,QLD DNRME GWDB - DNR,,,-999999,
40143307.0,12104A,,359.7,,-212.49,-49999999.0,-9999.0,-9999.0,Unknown,DONCASTER MEMBER,UNK,QLD DNRME GWDB - DNR,,,-999999,
40143307.0,12104A,,471.8,,-324.59,-49999999.0,-9999.0,-9999.0,Unknown,HOORAY SANDSTONE,UNK,QLD DNRME GWDB - DNR,,,-999999,
40144527.0,4654A,0.0,,141.55,,-49999999.0,-9999.0,-9999.0,Unknown,ALLUVIUM,UNK,QLD DNRME GWDB - DNR,,,-999999,
40144527.0,4654A,46.0,,95.55,,-49999999.0,-9999.0,-9999.0,Unknown,COREENA MEMBER,UNK,QLD DNRME GWDB - DNR,,,-999999,
40144527.0,4654A,,426.7,,-285.15,41000262.0,1244.0,122003.0,GAB Lower Cretaceous to Jurassic sedimentary aquifer,CADNA-OWIE FORMATION,UNK,QLD DNRME GWDB - DNR,,,-999999,
40144527.0,4654A,,46.0,,95.55,41000169.0,1168.0,119001.0,Undifferentiated Tertiary sediments,TERTIARY SEDIMENTS,UNK,QLD DNRME GWDB - DNR,,,-999999,
40146373.0,13260A,0.0,2.7,143.51,140.81,-49999999.0,-9999.0,-9999.0,Unknown,ALLUVIUM,UNK,QLD DNRME GWDB - DNR,,,-999999,
40146373.0,13260A,2.7,37.2,140.81,106.31,41000169.0,1168.0,119001.0,Undifferentiated Tertiary sediments,TERTIARY SEDIMENTS,UNK,QLD DNRME GWDB - DNR,,,-999999,
40146373.0,13260A,37.2,195.1,106.31,-51.59,-49999999.0,-9999.0,-9999.0,Unknown,COREENA MEMBER,UNK,QLD DNRME GWDB - DNR,,,-999999,
40146373.0,13260A,195.1,320.0,-51.59,-176.49,-49999999.0,-9999.0,-9999.0,Unknown,DONCASTER MEMBER,UNK,QLD DNRME GWDB - DNR,,,-999999,
40146373.0,13260A,320.0,357.2,-176.49,-213.69,-49999999.0,-9999.0,-9999.0,Unknown,WYANDRA SANDSTONE MEMBER,UNK,QLD DNRME GWDB - DNR,,,-999999,
40146373.0,13260A,357.2,396.8,-213.69,-253.29,41000262.0,1244.0,122003.0,GAB Lower Cretaceous to Jurassic sedimentary aquifer,CADNA-OWIE FORMATION,UNK,QLD DNRME GWDB - DNR,,,-999999,
40146373.0,13260A,396.8,434.3,-253.29,-290.79,-49999999.0,-9999.0,-9999.0,Unknown,HOORAY SANDSTONE,UNK,QLD DNRME GWDB - DNR,,,-999999,
40146604.0,11591A,0.0,33.2,139.87,106.67,-49999999.0,-9999.0,-9999.0,Unknown,QUATERNARY*TERTIARY,UNK,QLD DNRME GWDB - DNR,,,-999999,
40146604.0,11591A,33.2,160.0,106.67,-20.13,-49999999.0,-9999.0,-9999.0,Unknown,COREENA MEMBER,UNK,QLD DNRME GWDB - DNR,,,-999999,
40149635.0,12214A,0.0,12.2,144.86,132.66,-49999999.0,-9999.0,-9999.0,Unknown,ALLUVIUM,UNK,QLD DNRME GWDB - DNR,,,-999999,
40149635.0,12214A,12.2,30.5,132.66,114.36,-49999999.0,-9999.0,-9999.0,Unknown,TERTIARY,UNK,QLD DNRME GWDB - DNR,,,-999999,
40149635.0,12214A,30.5,,114.36,,-49999999.0,-9999.0,-9999.0,Unknown,COREENA MEMBER,UNK,QLD DNRME GWDB - DNR,,,-999999,
40149635.0,12214A,352.0,370.3,-207.14,-225.44,-49999999.0,-9999.0,-9999.0,Unknown,WYANDRA SANDSTONE MEMBER,UNK,QLD DNRME GWDB - DNR,,,-999999,
40149635.0,12214A,,352.0,,-207.14,-49999999.0,-9999.0,-9999.0,Unknown,DONCASTER MEMBER,UNK,QLD DNRME GWDB - DNR,,,-999999,
40150892.0,14100A,0.0,,144.08,,-49999999.0,-9999.0,-9999.0,Unknown,ALLUVIUM,UNK,QLD DNRME GWDB - DNR,,,-999999,
40150892.0,14100A,19.8,,124.28,,-49999999.0,-9999.0,-9999.0,Unknown,COREENA MEMBER,UNK,QLD DNRME GWDB - DNR,,,-999999,
40150892.0,14100A,,357.2,,-213.12,-49999999.0,-9999.0,-9999.0,Unknown,WYANDRA SANDSTONE MEMBER,UNK,QLD DNRME GWDB - DNR,,,-999999,
40150892.0,14100A,,19.8,,124.28,-49999999.0,-9999.0,-9999.0,Unknown,TERTIARY,UNK,QLD DNRME GWDB - DNR,,,-999999,
40151891.0,12580A,0.0,12.2,144.84,132.64,-49999999.0,-9999.0,-9999.0,Unknown,ALLUVIUM,UNK,QLD DNRME GWDB - DNR,,,-999999,
40151891.0,12580A,12.2,,132.64,,41000169.0,1168.0,119001.0,Undifferentiated Tertiary sediments,TERTIARY SEDIMENTS,UNK,QLD DNRME GWDB - DNR,,,-999999,
40151891.0,12580A,225.6,361.8,-80.76,-216.96,-49999999.0,-9999.0,-9999.0,Unknown,DONCASTER MEMBER,UNK,QLD DNRME GWDB - DNR,,,-999999,
40151891.0,12580A,361.8,397.5,-216.96,-252.66,-49999999.0,-9999.0,-9999.0,Unknown,WYANDRA SANDSTONE MEMBER,UNK,QLD DNRME GWDB - DNR,,,-999999,
40151891.0,12580A,397.5,481.6,-252.66,-336.76,41000262.0,1244.0,122003.0,GAB Lower Cretaceous to Jurassic sedimentary aquifer,CADNA-OWIE FORMATION,UNK,QLD DNRME GWDB - DNR,,,-999999,
40151891.0,12580A,481.6,507.5,-336.76,-362.66,-49999999.0,-9999.0,-9999.0,Unknown,HOORAY SANDSTONE,UNK,QLD DNRME GWDB - DNR,,,-999999,
40151891.0,12580A,507.5,518.2,-362.66,-373.36,41000517.0,1470.0,133221.0,Timbury Hills Formation,TIMBURY HILLS FORMATION,UNK,QLD DNRME GWDB - DNR,,,-999999,
40151891.0,12580A,,225.6,,-80.76,-49999999.0,-9999.0,-9999.0,Unknown,COREENA MEMBER,UNK,QLD DNRME GWDB - DNR,,,-999999,
40152181.0,10641A,0.0,25.9,146.31,120.41,-49999999.0,-9999.0,-9999.0,Unknown,ALLUVIUM,UNK,QLD DNRME GWDB - DNR,,,-999999,
40152181.0,10641A,25.9,61.9,120.41,84.41,-49999999.0,-9999.0,-9999.0,Unknown,TERTIARY,UNK,QLD DNRME GWDB - DNR,,,-999999,
40152181.0,10641A,61.9,187.8,84.41,-41.49,-49999999.0,-9999.0,-9999.0,Unknown,COREENA MEMBER,UNK,QLD DNRME GWDB - DNR,,,-999999,
40152181.0,10641A,187.8,341.4,-41.49,-195.09,-49999999.0,-9999.0,-9999.0,Unknown,DONCASTER MEMBER,UNK,QLD DNRME GWDB - DNR,,,-999999,
40152181.0,10641A,341.4,376.1,-195.09,-229.79,-49999999.0,-9999.0,-9999.0,Unknown,WYANDRA SANDSTONE MEMBER,UNK,QLD DNRME GWDB - DNR,,,-999999,
40152181.0,10641A,376.1,412.7,-229.79,-266.39,41000262.0,1244.0,122003.0,GAB Lower Cretaceous to Jurassic sedimentary aquifer,CADNA-OWIE FORMATION,UNK,QLD DNRME GWDB - DNR,,,-999999,
40152181.0,10641A,412.7,461.8,-266.39,-315.49,-49999999.0,-9999.0,-9999.0,Unknown,HOORAY SANDSTONE,UNK,QLD DNRME GWDB - DNR,,,-999999,
40152181.0,10641A,461.8,478.5,-315.49,-332.19,41000517.0,1470.0,133221.0,Timbury Hills Formation,TIMBURY HILLS FORMATION,UNK,QLD DNRME GWDB - DNR,,,-999999,
40153914.0,5476,0.0,30.5,135.95,105.45,-49999999.0,-9999.0,-9999.0,Unknown,QUATERNARY*TERTIARY,UNK,QLD DNRME GWDB - DNR,,,-999999,
